(1->3)-beta-D-glucan	C(C1C(C(C(C(O1)O)O)O)O)O
(1->6)-beta-D-glucan	C(C1C(C(C(C(O1)O)O)O)O)O
(2-amino-4-hydroxy-7,8-dihydropteridin-6-yl)methyl trihydrogen diphosphate	C1C(=NC2=C(N1)N=C(NC2=O)N)COP(=O)(O)OP(=O)(O)O
(2E)-3-(methoxycarbonyl)pent-2-enedioic acid	COC(=O)C(=CC(=O)O)CC(=O)O
(2R,3R)-2,3-dihydroxy-3-methylpentanoate	CCC(C)(C(C(=O)[O-])O)O
(2R,3S)-3-isopropylmalate	CC(C)C(C(C(=O)[O-])O)C(=O)[O-]
(2R,3S)-3-methylmalate	CC(C(C(=O)O)O)C(=O)O
(2S)-2-isopropyl-3-oxosuccinate	CC(C)C(C(=O)C(=O)O)C(=O)O
(2S,3R)-3-hydroxybutane-1,2,3-tricarboxylic acid	CC(C(CC(=O)O)C(=O)O)(C(=O)O)O
(4-hydroxyphenyl)acetaldehyde	C1=CC(=CC=C1CC=O)O
(5S,6S)-di-HETE	CCCCCC=CCC=CC=CC=CC(C(CCCC(=O)O)O)O
(9Z,12Z)-octadecadienoate	CCCCCC=CCC=CCCCCCCCC(=O)[O-]
(Indol-3-yl)acetamide	C1=CC=C2C(=C1)C(=CN2)CC(=O)N
(N(omega)-L-arginino)succinic acid	C(CC(C(=O)O)N)CN=C(N)NC(CC(=O)O)C(=O)O
(R)-2,3-dihydroxy-3-methylbutanoate	CC(C)(C(C(=O)[O-])O)O
(R)-3-hydroxy-cis-dodec-5-enoyl-CoA	
(R)-3-hydroxy-cis-hexadec-7-enoyl-CoA	
(R)-3-hydroxy-cis-hexadec-9-enoyl-CoA	
(R)-3-hydroxy-cis-octadec-9-enoyl-CoA	
(R)-3-hydroxy-cis-tetradec-5-enoyl-CoA	
(R)-3-hydroxy-cis-tetradec-7-enoyl-CoA	
(R)-3-hydroxybutanoyl-CoA	CC(CC(=O)SCCNC(=O)CCNC(=O)C(C(C)(C)COP(=O)(O)OP(=O)(O)OCC1C(C(C(O1)N2C=NC3=C(N=CN=C32)N)O)OP(=O)(O)O)O)O
(R)-3-hydroxydecanoyl-CoA	CCCCCCCC(CC(=O)SCCNC(=O)CCNC(=O)C(C(C)(C)COP(=O)(O)OP(=O)(O)OCC1C(C(C(O1)N2C=NC3=C(N=CN=C32)N)O)OP(=O)(O)O)O)O
(R)-3-hydroxydocosanoyl-CoA	CCCCCCCCCCCCCCCCCCCC(CC(=O)SCCNC(=O)CCNC(=O)C(C(C)(C)COP(=O)(O)OP(=O)(O)OCC1C(C(C(O1)N2C=NC3=C(N=CN=C32)N)O)OP(=O)(O)O)O)O
(R)-3-hydroxyhexanoyl-CoA	CCCC(CC(=O)SCCNC(=O)CCNC(=O)C(C(C)(C)COP(=O)([O-])OP(=O)([O-])OCC1C(C(C(O1)N2C=NC3=C(N=CN=C32)N)O)OP(=O)([O-])[O-])O)O
(R)-3-hydroxyicosanoyl-CoA	CCCCCCCCCCCCCCCCCC(CC(=O)SCCNC(=O)CCNC(=O)C(C(C)(C)COP(=O)(O)OP(=O)(O)OCC1C(C(C(O1)N2C=NC3=C(N=CN=C32)N)O)OP(=O)(O)O)O)O
(R)-3-hydroxylauroyl-CoA	CCCCCCCCCC(CC(=O)SCCNC(=O)CCNC(=O)C(C(C)(C)COP(=O)(O)OP(=O)(O)OCC1C(C(C(O1)N2C=NC3=C(N=CN=C32)N)O)OP(=O)(O)O)O)O
(R)-3-hydroxyoctanoyl-CoA	CCCCCC(CC(=O)SCCNC(=O)CCNC(=O)C(C(C)(C)COP(=O)(O)OP(=O)(O)OCC1C(C(C(O1)N2C=NC3=C(N=CN=C32)N)O)OP(=O)(O)O)O)O
(R)-3-hydroxytetracosanoyl-CoA	CCCCCCCCCCCCCCCCCCCCCC(CC(=O)SCCNC(=O)CCNC(=O)C(C(C)(C)COP(=O)(O)OP(=O)(O)OCC1C(C(C(O1)N2C=NC3=C(N=CN=C32)N)O)OP(=O)(O)O)O)O
(R)-4'-phosphopantothenic acid	CC(C)(COP(=O)(O)O)C(C(=O)NCCC(=O)O)O
(R)-5-diphosphomevalonic acid	CC(CCOP(=O)(O)OP(=O)(O)O)(CC(=O)O)O
(R)-5-phosphomevalonic acid	CC(CCOP(=O)(O)O)(CC(=O)O)O
(R)-Lipoate	C1CSSC1CCCCC(=O)[O-]
(R)-S-lactoylglutathione	CC(C(=O)SCC(C(=O)NCC(=O)O)NC(=O)CCC(C(=O)O)N)O
(R)-acetoin	CC(C(=O)C)O
(R)-carnitine	C[N+](C)(C)CC(CC(=O)[O-])O
(R)-lactate	CC(C(=O)O)O
(R)-mevalonate	CC(CCO)(CC(=O)[O-])O
(R)-pantoate	CC(C)(CO)C(C(=O)[O-])O
(R)-pantothenate	CC(C)(CO)C(C(=O)NCCC(=O)O)O
(R,R)-2,3-butanediol	CC(C(C)O)O
(S)-2,3-epoxysqualene	CC(=CCCC(=CCCC(=CCCC=C(C)CCC=C(C)CCC1C(O1)(C)C)C)C)C
(S)-2-acetyl-2-hydroxybutanoate	CCC(C(=O)C)(C(=O)[O-])O
(S)-3-hydroxyhexacosanoyl-CoA	CCCCCCCCCCCCCCCCCCCCCCCC(CC(=O)SCCNC(=O)CCNC(=O)C(C(C)(C)COP(=O)(O)OP(=O)(O)OCC1C(C(C(O1)N2C=NC3=C(N=CN=C32)N)O)OP(=O)(O)O)O)O
(S)-3-hydroxypalmitoyl-CoA	CCCCCCCCCCCCCC(CC(=O)SCCNC(=O)CCNC(=O)C(C(C)(C)COP(=O)(O)OP(=O)(O)OCC1C(C(C(O1)N2C=NC3=C(N=CN=C32)N)O)OP(=O)(O)O)O)O
(S)-3-hydroxytetradecanoyl-CoA	CCCCCCCCCCCC(CC(=O)SCCNC(=O)CCNC(=O)C(C(C)(C)COP(=O)(O)OP(=O)(O)OCC1C(C(C(O1)N2C=NC3=C(N=CN=C32)N)O)OP(=O)(O)O)O)O
(S)-3-methyl-2-oxopentanoate	CCC(C)C(=O)C(=O)O
(S)-Methylmalonate semialdehyde	CC(C=O)C(=O)O
(S)-benzoin	C1=CC=C(C=C1)C(C(=O)C2=CC=CC=C2)O
(S)-dihydroorotate	C1C(NC(=O)NC1=O)C(=O)O
(S)-lactaldehyde	CC(C=O)O
(S)-lactate	CC(C(=O)O)O
(S)-malate	C(C(C(=O)O)O)C(=O)O
(sulfur carrier)-H	
(sulfur carrier)-SH	
1,2-diacyl-sn-glycerol 3-phosphate	CCCCCCCCCCCCCCCC(=O)OCC(COP(=O)([O-])[O-])OC(=O)CCCCCCCCCCCCCCC.[Na+].[Na+]
1,2-diacylglycerol 3-diphosphate (1-16:0, 2-16:1)	
1,2-diacylglycerol 3-diphosphate (1-16:0, 2-18:1)	
1,2-diacylglycerol 3-diphosphate (1-16:1, 2-16:1)	
1,2-diacylglycerol 3-diphosphate (1-16:1, 2-18:1)	
1,2-diacylglycerol 3-diphosphate (1-18:0, 2-16:1)	
1,2-diacylglycerol 3-diphosphate (1-18:0, 2-18:1)	
1,2-diacylglycerol 3-diphosphate (1-18:1, 2-16:1)	
1,2-diacylglycerol 3-diphosphate (1-18:1, 2-18:1)	
1,3-bisphospho-D-glycerate	C(C(C(=O)OP(=O)(O)O)O)OP(=O)(O)O
1,4-benzosemiquinone	C1=CC(=CC=C1O)[O]
1-(2-carboxyphenylamino)-1-deoxy-D-ribulose 5-phosphate	C1=CC=C(C(=C1)C(=O)O)NCC(=O)C(C(COP(=O)(O)O)O)O
1-(5-phospho-D-ribosyl)-5-[(5-phospho-D-ribosylamino)methylideneamino]imidazole-4-carboxamide	
1-(5-phosphoribosyl)-5'-AMP	
1-(sn-glycero-3-phospho)-1D-myo-inositol	C(C(COP(=O)(O)OC1C(C(C(C(C1O)O)O)O)O)O)O
1-C-(indol-3-yl)glycerol 3-phosphate	C1=CC=C2C(=C1)C(=CN2)C(C(COP(=O)(O)O)O)O
1-acyl-sn-glycerol 3-phosphate	
1-acyl-sn-glycerol 3-phosphate (16:0)	
1-acyl-sn-glycerol 3-phosphate (16:1)	
1-acyl-sn-glycerol 3-phosphate (18:0)	
1-acyl-sn-glycerol 3-phosphate (18:1)	
1-acylglycerophosphocholine	
1-acylglycerophosphocholine (16:0)	
1-acylglycerophosphocholine (16:1)	
1-acylglycerophosphocholine (18:0)	
1-acylglycerophosphocholine (18:1)	
1-acylglycerophosphoethanolamine (16:0)	
1-acylglycerophosphoethanolamine (16:1)	
1-acylglycerophosphoethanolamine (18:0)	
1-acylglycerophosphoethanolamine (18:1)	
1-acylglycerophosphoinositol (16:0)	
1-acylglycerophosphoinositol (16:1)	
1-acylglycerophosphoinositol (18:0)	
1-acylglycerophosphoinositol (18:1)	
1-acylglycerophosphoserine (16:0)	
1-acylglycerophosphoserine (16:1)	
1-acylglycerophosphoserine (18:0)	
1-acylglycerophosphoserine (18:1)	
1-methylnicotinamide	C[N+]1=CC=CC(=C1)C(=O)N
1-monoglyceride (16:0)	
1-monoglyceride (16:1)	
1-monoglyceride (18:0)	
1-monoglyceride (18:1)	
1-oleoyl-sn-glycerol	CCCCCCCCC=CCCCCCCCC(=O)OCC(CO)O
1-phosphatidyl-1D-myo-inositol	
1-phosphatidyl-1D-myo-inositol (1-16:0, 2-16:1)	
1-phosphatidyl-1D-myo-inositol (1-16:0, 2-18:1)	
1-phosphatidyl-1D-myo-inositol (1-16:1, 2-16:1)	
1-phosphatidyl-1D-myo-inositol (1-16:1, 2-18:1)	
1-phosphatidyl-1D-myo-inositol (1-18:0, 2-16:1)	
1-phosphatidyl-1D-myo-inositol (1-18:0, 2-18:1)	
1-phosphatidyl-1D-myo-inositol (1-18:1, 2-16:1)	
1-phosphatidyl-1D-myo-inositol (1-18:1, 2-18:1)	
1-phosphatidyl-1D-myo-inositol 3,5-bisphosphate (1-16:0, 2-16:1)	
1-phosphatidyl-1D-myo-inositol 3,5-bisphosphate (1-16:0, 2-18:1)	
1-phosphatidyl-1D-myo-inositol 3,5-bisphosphate (1-16:1, 2-16:1)	
1-phosphatidyl-1D-myo-inositol 3,5-bisphosphate (1-16:1, 2-18:1)	
1-phosphatidyl-1D-myo-inositol 3,5-bisphosphate (1-18:0, 2-16:1)	
1-phosphatidyl-1D-myo-inositol 3,5-bisphosphate (1-18:0, 2-18:1)	
1-phosphatidyl-1D-myo-inositol 3,5-bisphosphate (1-18:1, 2-16:1)	
1-phosphatidyl-1D-myo-inositol 3,5-bisphosphate (1-18:1, 2-18:1)	
1-phosphatidyl-1D-myo-inositol 3-phosphate (1-16:0, 2-16:1)	
1-phosphatidyl-1D-myo-inositol 3-phosphate (1-16:0, 2-18:1)	
1-phosphatidyl-1D-myo-inositol 3-phosphate (1-16:1, 2-16:1)	
1-phosphatidyl-1D-myo-inositol 3-phosphate (1-16:1, 2-18:1)	
1-phosphatidyl-1D-myo-inositol 3-phosphate (1-18:0, 2-16:1)	
1-phosphatidyl-1D-myo-inositol 3-phosphate (1-18:0, 2-18:1)	
1-phosphatidyl-1D-myo-inositol 3-phosphate (1-18:1, 2-16:1)	
1-phosphatidyl-1D-myo-inositol 3-phosphate (1-18:1, 2-18:1)	
1-phosphatidyl-1D-myo-inositol 4,5-bisphosphate (1-16:0, 2-16:1)	
1-phosphatidyl-1D-myo-inositol 4,5-bisphosphate (1-16:0, 2-18:1)	
1-phosphatidyl-1D-myo-inositol 4,5-bisphosphate (1-16:1, 2-16:1)	
1-phosphatidyl-1D-myo-inositol 4,5-bisphosphate (1-16:1, 2-18:1)	
1-phosphatidyl-1D-myo-inositol 4,5-bisphosphate (1-18:0, 2-16:1)	
1-phosphatidyl-1D-myo-inositol 4,5-bisphosphate (1-18:0, 2-18:1)	
1-phosphatidyl-1D-myo-inositol 4,5-bisphosphate (1-18:1, 2-16:1)	
1-phosphatidyl-1D-myo-inositol 4,5-bisphosphate (1-18:1, 2-18:1)	
1-phosphatidyl-1D-myo-inositol 4-phosphate (1-16:0, 2-16:1)	
1-phosphatidyl-1D-myo-inositol 4-phosphate (1-16:0, 2-18:1)	
1-phosphatidyl-1D-myo-inositol 4-phosphate (1-16:1, 2-16:1)	
1-phosphatidyl-1D-myo-inositol 4-phosphate (1-16:1, 2-18:1)	
1-phosphatidyl-1D-myo-inositol 4-phosphate (1-18:0, 2-16:1)	
1-phosphatidyl-1D-myo-inositol 4-phosphate (1-18:0, 2-18:1)	
1-phosphatidyl-1D-myo-inositol 4-phosphate (1-18:1, 2-16:1)	
1-phosphatidyl-1D-myo-inositol 4-phosphate (1-18:1, 2-18:1)	
1-phosphatidyl-1D-myo-inositol backbone	
1-pyrroline-3-hydroxy-5-carboxylic acid	C1C(C=NC1C(=O)O)O
1-pyrroline-5-carboxylate	C1CC(N=C1)C(=O)O
10-formyl-THF	C1C(NC2=C(N1)N=C(NC2=O)N)CN(C=O)C3=CC=C(C=C3)C(=O)NC(CCC(=O)O)C(=O)O
14-demethyllanosterol	CC(CCC=C(C)C)C1CCC2C1(CCC3=C2CCC4C3(CCC(C4(C)C)O)C)C
1D-myo-inositol 1,3,4,5-tetrakisphosphate	C1(C(C(C(C(C1OP(=O)(O)O)OP(=O)(O)O)OP(=O)(O)O)O)OP(=O)(O)O)O
1D-myo-inositol 1,4,5,6-tetrakisphosphate	C1(C(C(C(C(C1OP(=O)(O)O)OP(=O)(O)O)OP(=O)(O)O)OP(=O)(O)O)O)O
1D-myo-inositol 1,4,5-trisphosphate	C1(C(C(C(C(C1OP(=O)(O)O)O)OP(=O)(O)O)OP(=O)(O)O)O)O
1D-myo-inositol 1-phosphate	C1(C(C(C(C(C1O)O)OP(=O)(O)O)O)O)O
1D-myo-inositol 3-phosphate	C1(C(C(C(C(C1O)O)OP(=O)(O)O)O)O)O
2',3'-cyclic AMP	C1=NC(=C2C(=N1)N(C=N2)C3C4C(C(O3)CO)OP(=O)(O4)O)N
2',3'-cyclic CMP	C1=CN(C(=O)N=C1N)C2C3C(C(O2)CO)OP(=O)(O3)[O-]
2',3'-cyclic GMP	C1=NC2=C(N1C3C4C(C(O3)CO)OP(=O)(O4)O)N=C(NC2=O)N
2',3'-cyclic UMP	C1=CN(C(=O)NC1=O)C2C3C(C(O2)CO)OP(=O)(O3)O
2'-deoxyadenosine	C1C(C(OC1N2C=NC3=C(N=CN=C32)N)CO)O
2'-deoxyguanosine	C1C(C(OC1N2C=NC3=C2N=C(NC3=O)N)CO)O
2'-deoxyinosine	C1C(C(OC1N2C=NC3=C2N=CNC3=O)CO)O
2'-deoxyribonucleoside 5'-phosphate	
2'-deoxyribonucleoside 5'-triphosphate	
2'-deoxyuridine	C1C(C(OC1N2C=CC(=O)NC2=O)CO)O
2,3-bisphospho-D-glyceric acid	C(C(C(=O)O)OP(=O)(O)O)OP(=O)(O)O
2,5-diamino-4-hydroxy-6-(5-phosphoribosylamino)pyrimidine	C(C1C(C(C(O1)NC2=C(C(=O)NC(=N2)N)N)O)O)OP(=O)(O)O
2,5-diamino-6-(5-phosphono)ribitylamino-4(3H)-pyrimidinone	C(C(C(C(COP(=O)(O)O)O)O)O)NC1=C(C(=O)NC(=N1)N)N
2-(3-amino-3-carboxypropyl)-L-histidine	C1=C(NC(=N1)CCC(C(=O)O)N)CC(C(=O)O)N
2-O-(6-phospho-alpha-D-mannosyl)-D-glycerate	C(C1C(C(C(C(O1)OC(CO)C(=O)[O-])O)O)O)OP(=O)([O-])[O-]
2-Oxoglutaramate	C(CC(=O)N)C(=O)C(=O)O
2-Phenylacetamide	C1=CC=C(C=C1)CC(=O)N
2-Propynal	C#CC=O
2-[3-carboxy-3-(methylammonio)propyl]-L-histidine	C[NH2+]C(CCC1=NC=C(N1)CC(C(=O)O)N)C(=O)O
2-acetamido-5-oxopentanoate	CC(=O)NC(CCC=O)C(=O)O
2-acetyllactic acid	CC(=O)C(C)(C(=O)O)O
2-amino-3-carboxymuconate-6-semialdehyde	C(=CC(=C(C(=O)O)N)C(=O)O)C=O
2-amino-6-(hydroxymethyl)-7,8-dihydropteridin-4-ol	C1C(=NC2=C(N1)N=C(NC2=O)N)CO
2-aminobutanoate	CCC(C(=O)[O-])[NH3+]
2-dehydropantoate	CC(C)(CO)C(=O)C(=O)O
2-deoxy-D-glucose	C(C=O)C(C(C(CO)O)O)O
2-deoxy-D-glucose 6-phosphate	C1C(C(C(OC1O)COP(=O)(O)O)O)O
2-deoxy-D-ribose	C(C=O)C(C(CO)O)O
2-deoxy-D-ribose 5-phosphate	
2-hexaprenyl-5-hydroxy-6-methoxy-3-methyl-1,4-benzoquinone	CC1=C(C(=O)C(=C(C1=O)O)OC)CC=C(C)CCC=C(C)CCC=C(C)CCC=C(C)CCC=C(C)CCC=C(C)C
2-hexaprenyl-6-methoxy-1,4-benzoquinone	CC(=CCCC(=CCCC(=CCCC(=CCCC(=CCCC(=CCC1=CC(=O)C=C(C1=O)OC)C)C)C)C)C)C
2-hexaprenyl-6-methoxy-3-methyl-1,4-benzoquinone	CC1=C(C(=O)C(=CC1=O)OC)CC=C(C)CCC=C(C)CCC=C(C)CCC=C(C)CCC=C(C)CCC=C(C)C
2-hexaprenyl-6-methoxyphenol	CC(=CCCC(=CCCC(=CCCC(=CCCC(=CCCC(=CCC1=C(C(=CC=C1)OC)O)C)C)C)C)C)C
2-hydroxy-3-oxobutyl phosphate	CC(=O)C(COP(=O)(O)O)O
2-hydroxyethane-1-sulfonate	C(CS(=O)(=O)O)O
2-hydroxyglutarate	C(CC(=O)O)C(C(=O)O)O
2-hydroxyhexadecanal	CCCCCCCCCCCCCCC(C=O)O
2-isopropylmalate	CC(C)C(CC(=O)O)(C(=O)O)O
2-isopropylmaleic acid	CC(C)C(=CC(=O)O)C(=O)O
2-methylbutanal	CCC(C)C=O
2-methylbutanol	CCC(C)CO
2-methylbutyl acetate	CCC(C)COC(=O)C
2-methylcitrate	CC(C(=O)O)C(CC(=O)O)(C(=O)O)O
2-oxoadipic acid	C(CC(=O)C(=O)O)CC(=O)O
2-oxobutanoate	CCC(=O)C(=O)[O-]
2-oxoglutarate	C(CC(=O)O)C(=O)C(=O)O
2-phenylethanol	C1=CC=C(C=C1)CCO
2-phospho-D-glyceric acid	C(C(C(=O)O)OP(=O)(O)O)O
2-phosphoglycolate	C(C(=O)[O-])OP(=O)([O-])[O-]
2-trans,6-trans-Farnesal	CC(=CCCC(=CCCC(=CC=O)C)C)C
3',5'-cyclic AMP	C1C2C(C(C(O2)N3C=NC4=C(N=CN=C43)N)O)OP(=O)(O1)O
3',5'-cyclic CMP	C1C2C(C(C(O2)N3C=CC(=NC3=O)N)O)OP(=O)(O1)O
3',5'-cyclic GMP	C1C2C(C(C(O2)N3C=NC4=C3N=C(NC4=O)N)O)OP(=O)(O1)O
3',5'-cyclic IMP	C1C2C(C(C(O2)N3C=NC4=C3N=CNC4=O)O)OP(=O)(O1)O
3',5'-cyclic dAMP	C1C2C(COP(=O)(O2)O)OC1N3C=NC4=C(N=CN=C43)N
3'-AMP	C1=NC(=C2C(=N1)N(C=N2)C3C(C(C(O3)CO)OP(=O)(O)O)O)N
3'-GMP	C1=NC2=C(N1C3C(C(C(O3)CO)OP(=O)(O)O)O)N=C(NC2=O)N
3'-UMP	C1=CN(C(=O)NC1=O)C2C(C(C(O2)CO)OP(=O)(O)O)O
3'-dephospho-CoA	CC(C)(COP(=O)(O)OP(=O)(O)OCC1C(C(C(O1)N2C=NC3=C(N=CN=C32)N)O)O)C(C(=O)NCCC(=O)NCCS)O
3'-phospho-5'-adenylyl sulfate	C1=NC(=C2C(=N1)N(C=N2)C3C(C(C(O3)COP(=O)(O)OS(=O)(=O)O)OP(=O)(O)O)O)N
3-(3-sn-phosphatidyl)-sn-glycerol 1-phosphate (1-16:0, 2-16:1)	
3-(3-sn-phosphatidyl)-sn-glycerol 1-phosphate (1-16:0, 2-18:1)	
3-(3-sn-phosphatidyl)-sn-glycerol 1-phosphate (1-16:1, 2-16:1)	
3-(3-sn-phosphatidyl)-sn-glycerol 1-phosphate (1-16:1, 2-18:1)	
3-(3-sn-phosphatidyl)-sn-glycerol 1-phosphate (1-18:0, 2-16:1)	
3-(3-sn-phosphatidyl)-sn-glycerol 1-phosphate (1-18:1, 2-16:1)	
3-(4-hydroxyphenyl)pyruvate	C1=CC(=CC=C1CC(=O)C(=O)[O-])O
3-(imidazol-4-yl)-2-oxopropyl dihydrogen phosphate	C1=C(NC=N1)CC(=O)COP(=O)(O)O
3-aminopropanal	C(CN)C=O
3-chlorobenzaldehyde	C1=CC(=CC(=C1)Cl)C=O
3-chlorobenzyl alcohol	C1=CC(=CC(=C1)Cl)CO
3-dehydro-4-methylzymosterol	CC1C2CCC3=C(C2(CCC1=O)C)CCC4(C3CCC4C(C)CCC=C(C)C)C
3-dehydroquinate	C1C(C(C(=O)CC1(C(=O)[O-])O)O)O
3-dehydroshikimate	C1C(C(C(=O)C=C1C(=O)O)O)O
3-hexaprenyl-4,5-dihydroxybenzoic acid	CC(=CCCC(=CCCC(=CCCC(=CCCC(=CCCC(=CCC1=C(C(=CC(=C1)C(=O)O)O)O)C)C)C)C)C)C
3-hexaprenyl-4-hydroxy-5-methoxybenzoic acid	CC(=CCCC(=CCCC(=CCCC(=CCCC(=CCCC(=CCC1=C(C(=CC(=C1)C(=O)O)OC)O)C)C)C)C)C)C
3-hexaprenyl-4-hydroxybenzoic acid	CC(=CCCC(=CCCC(=CCCC(=CCCC(=CCCC(=CCC1=C(C=CC(=C1)C(=O)O)O)C)C)C)C)C)C
3-hydroxy-2-isopropyl-4-methoxy-4-oxobutanoate	CC(C)C(C(C(=O)OC)O)C(=O)[O-]
3-hydroxy-2-methylpropanoate	CC(CO)C(=O)[O-]
3-hydroxy-2-methylpropanoyl-CoA	CC(CO)C(=O)SCCNC(=O)CCNC(=O)C(C(C)(C)COP(=O)(O)OP(=O)(O)OCC1C(C(C(O1)N2C=NC3=C(N=CN=C32)N)O)OP(=O)(O)O)O
3-hydroxy-3-methylglutaryl-CoA	CC(C)(COP(=O)(O)OP(=O)(O)OCC1C(C(C(O1)N2C=NC3=C(N=CN=C32)N)O)OP(=O)(O)O)C(C(=O)NCCC(=O)NCCSC(=O)CC(C)(CC(=O)O)O)O
3-hydroxy-L-kynurenine	C1=CC(=C(C(=C1)O)N)C(=O)CC(C(=O)O)N
3-hydroxyanthranilate	C1=CC(=C(C(=C1)O)N)C(=O)O
3-hydroxybenzaldehyde	C1=CC(=CC(=C1)O)C=O
3-hydroxybenzyl alcohol	C1=CC(=CC(=C1)O)CO
3-hydroxybutanoyl-ACP	
3-hydroxydocosanoyl-CoA	CCCCCCCCCCCCCCCCCCCC(CC(=O)SCCNC(=O)CCNC(=O)C(C(C)(C)COP(=O)(O)OP(=O)(O)OCC1C(C(C(O1)N2C=NC3=C(N=CN=C32)N)O)OP(=O)(O)O)O)O
3-hydroxyhexanoyl-ACP	
3-hydroxyicosanoyl-CoA	CCCCCCCCCCCCCCCCCC(CC(=O)SCCNC(=O)CCNC(=O)C(C(C)(C)COP(=O)(O)OP(=O)(O)OCC1C(C(C(O1)N2C=NC3=C(N=CN=C32)N)O)OP(=O)(O)O)O)O
3-hydroxyoctadecanoyl-CoA	CCCCCCCCCCCCCCCC(CC(=O)SCCNC(=O)CCNC(=O)C(C(C)(C)COP(=O)(O)OP(=O)(O)OCC1C(C(C(O1)N2C=NC3=C(N=CN=C32)N)O)OP(=O)(O)O)O)O
3-hydroxyoctanoyl-ACP	
3-hydroxytetracosanoyl-CoA	CCCCCCCCCCCCCCCCCCCCCC(CC(=O)SCCNC(=O)CCNC(=O)C(C(C)(C)COP(=O)(O)OP(=O)(O)OCC1C(C(C(O1)N2C=NC3=C(N=CN=C32)N)O)OP(=O)(O)O)O)O
3-ketosphinganine	CCCCCCCCCCCCCCCC(=O)C(CO)N
3-mercaptopyruvate	C(C(=O)C(=O)O)S
3-methyl-2-oxobutanoate	CC(C)C(=O)C(=O)O
3-methylbenzaldehyde	CC1=CC(=CC=C1)C=O
3-methylbenzyl alcohol	CC1=CC(=CC=C1)CO
3-methylbutanal	CC(C)CC=O
3-oxalomalate(3-)	C(C(C(=O)[O-])O)(C(=O)C(=O)[O-])C(=O)[O-]
3-oxo-cis-dodec-5-enoyl-CoA	
3-oxo-cis-hexadec-7-enoyl-CoA	
3-oxo-cis-hexadec-9-enoyl-CoA	
3-oxo-cis-octadec-9-enoyl-CoA	
3-oxo-cis-tetradec-5-enoyl-CoA	
3-oxo-cis-tetradec-7-enoyl-CoA	
3-oxo-hexanoyl-ACP	
3-oxo-octanoyl-ACP	
3-oxodecanoyl-CoA	CCCCCCCC(=O)CC(=O)SCCNC(=O)CCNC(=O)C(C(C)(C)COP(=O)(O)OP(=O)(O)OCC1C(C(C(O1)N2C=NC3=C(N=CN=C32)N)O)OP(=O)(O)O)O
3-oxodocosanoyl-CoA	CCCCCCCCCCCCCCCCCCCC(=O)CC(=O)SCCNC(=O)CCNC(=O)C(C(C)(C)COP(=O)(O)OP(=O)(O)OCC1C(C(C(O1)N2C=NC3=C(N=CN=C32)N)O)OP(=O)(O)O)O
3-oxohexacosanoyl-CoA	CCCCCCCCCCCCCCCCCCCCCCCC(=O)CC(=O)SCCNC(=O)CCNC(=O)C(C(C)(C)COP(=O)(O)OP(=O)(O)OCC1C(C(C(O1)N2C=NC3=C(N=CN=C32)N)O)OP(=O)(O)O)O
3-oxohexanoyl-CoA	CCCC(=O)CC(=O)SCCNC(=O)CCNC(=O)C(C(C)(C)COP(=O)(O)OP(=O)(O)OCC1C(C(C(O1)N2C=NC3=C(N=CN=C32)N)O)OP(=O)(O)O)O
3-oxoicosanoyl-CoA	CCCCCCCCCCCCCCCCCC(=O)CC(=O)SCCNC(=O)CCNC(=O)C(C(C)(C)COP(=O)(O)OP(=O)(O)OCC1C(C(C(O1)N2C=NC3=C(N=CN=C32)N)O)OP(=O)(O)O)O
3-oxolauroyl-CoA	CCCCCCCCCC(=O)CC(=O)SCCNC(=O)CCNC(=O)C(C(C)(C)COP(=O)(O)OP(=O)(O)OCC1C(C(C(O1)N2C=NC3=C(N=CN=C32)N)O)OP(=O)(O)O)O
3-oxooctadecanoyl-CoA	CCCCCCCCCCCCCCCC(=O)CC(=O)SCCNC(=O)CCNC(=O)C(C(C)(C)COP(=O)(O)OP(=O)(O)OCC1C(C(C(O1)N2C=NC3=C(N=CN=C32)N)O)OP(=O)(O)O)O
3-oxooctanoyl-CoA	CCCCCC(=O)CC(=O)SCCNC(=O)CCNC(=O)C(C(C)(C)COP(=O)(O)OP(=O)(O)OCC1C(C(C(O1)N2C=NC3=C(N=CN=C32)N)O)OP(=O)(O)O)O
3-oxopalmitoyl-CoA	CCCCCCCCCCCCCC(=O)CC(=O)SCCNC(=O)CCNC(=O)C(C(C)(C)COP(=O)(O)OP(=O)(O)OCC1C(C(C(O1)N2C=NC3=C(N=CN=C32)N)O)OP(=O)(O)O)O
3-oxopropanoate	C(C=O)C(=O)[O-]
3-oxotetracosanoyl-CoA	CCCCCCCCCCCCCCCCCCCCCC(=O)CC(=O)SCCNC(=O)CCNC(=O)C(C(C)(C)COP(=O)(O)OP(=O)(O)OCC1C(C(C(O1)N2C=NC3=C(N=CN=C32)N)O)OP(=O)(O)O)O
3-oxotetradecanoyl-CoA	CCCCCCCCCCCC(=O)CC(=O)SCCNC(=O)CCNC(=O)C(C(C)(C)COP(=O)(O)OP(=O)(O)OCC1C(C(C(O1)N2C=NC3=C(N=CN=C32)N)O)OP(=O)(O)O)O
3-phospho-hydroxypyruvate	C(C(=O)C(=O)[O-])OP(=O)([O-])[O-]
3-phospho-serine	C(C(C(=O)O)N)OP(=O)(O)O
3-phosphonato-D-glycerate(3-)	C(C(C(=O)[O-])O)OP(=O)([O-])[O-]
3-phosphoshikimic acid	C1C(C(C(C=C1C(=O)O)OP(=O)(O)O)O)O
3-sulfino-L-alanine	C(C(C(=O)O)N)S(=O)O
3alpha,7alpha-Dihydroxy-5beta-cholestan-26-al	CC(CCCC(C)C1CCC2C1(CCC3C2C(CC4C3(CCC(C4)O)C)O)C)C=O
3alpha,7alpha-Dihydroxy-5beta-cholestanate	CC(CCCC(C)C(=O)O)C1CCC2C1(CCC3C2C(CC4C3(CCC(C4)O)C)O)C
4,4-dimethyl-5alpha-cholesta-8,14,24-trien-3beta-ol	CC(CCC=C(C)C)C1CC=C2C1(CCC3=C2CCC4C3(CCC(C4(C)C)O)C)C
4,5-bis(diphospho)-1D-myo-inositol tetrakisphosphate	C1(C(C(C(C(C1OP(=O)(O)O)OP(=O)(O)OP(=O)(O)O)OP(=O)(O)OP(=O)(O)O)OP(=O)(O)O)OP(=O)(O)O)OP(=O)(O)O
4-(phosphonooxy)-L-threonine	C(C(C(C(=O)O)N)O)OP(=O)(O)O
4-Acetamidobutanoate	CC(=O)NCCCC(=O)O
4-Trimethylammoniobutanal	C[N+](C)(C)CCCC=O
4-Trimethylammoniobutanoate	C[N+](C)(C)CCCC(=O)[O-]
4-amino-2-methyl-5-diphosphomethylpyrimidine	CC1=NC=C(C(=N1)N)COP(=O)(O)OP(=O)(O)O
4-amino-2-methyl-5-phosphomethylpyrimidine	CC1=NC=C(C(=N1)N)COP(=O)(O)O
4-amino-4-deoxychorismate	C=C(C(=O)O)OC1C=C(C=CC1N)C(=O)O
4-amino-5-hydroxymethyl-2-methylpyrimidine	CC1=NC=C(C(=N1)N)CO
4-aminobenzoate	C1=CC(=CC=C1C(=O)[O-])N
4-aminobutanal	C(CC=O)CN
4-diphospho-1D-myo-inositol pentakisphosphate	C1(C(C(C(C(C1OP(=O)(O)O)OP(=O)(O)O)OP(=O)(O)OP(=O)(O)O)OP(=O)(O)O)OP(=O)(O)O)OP(=O)(O)O
4-fumarylacetoacetate	C(C(=O)CC(=O)O)C(=O)C=CC(=O)O
4-guanidinobutanamide	C(CC(=O)N)CN=C(N)N
4-guanidinobutanoic acid	C(CC(=O)O)CN=C(N)N
4-hydroxy-2-oxoglutarate	C(C(C(=O)O)O)C(=O)C(=O)O
4-hydroxy-4-methyl-2-oxoglutarate	CC(CC(=O)C(=O)[O-])(C(=O)[O-])O
4-hydroxy-L-threonine	C(C(C(C(=O)O)N)O)O
4-hydroxybenzoate	C1=CC(=CC=C1C(=O)O)[O-]
4-hydroxybenzoyl-CoA	CC(C)(COP(=O)(O)OP(=O)(O)OCC1C(C(C(O1)N2C=NC3=C(N=CN=C32)N)O)OP(=O)(O)O)C(C(=O)NCCC(=O)NCCSC(=O)C4=CC=C(C=C4)O)O
4-hydroxyphenyl acetate	CC(=O)OC1=CC=C(C=C1)O
4-isopropylbenzyl alcohol	CC(C)C1=CC=C(C=C1)CO
4-maleylacetoacetate	C(C(=O)CC(=O)O)C(=O)C=CC(=O)O
4-methyl-2-oxopentanoate	CC(C)CC(=O)C(=O)O
4-methyl-5-(2-phosphonooxyethyl)thiazole	CC1=C(SC=N1)CCOP(=O)(O)O
4-methylbenzaldehyde	CC1=CC=C(C=C1)C=O
4-methylbenzyl alcohol	CC1=CC=C(C=C1)CO
4-methylthio-2-oxobutanoate	CSCCC(=O)C(=O)O
4-nitrophenol	C1=CC(=CC=C1[N+](=O)[O-])O
4-nitrophenyl phosphate	C1=CC(=CC=C1[N+](=O)[O-])OP(=O)(O)O
4-phospho-L-aspartate	C(C(C(=O)O)N)C(=O)OP(=O)(O)O
4a-Hydroxytetrahydrobiopterin	CC(C(C1CN=C2C(N1)(C(=O)NC(=N2)N)O)O)O
4alpha-methylzymosterol	CC1C2CCC3=C(C2(CCC1O)C)CCC4(C3CCC4C(C)CCC=C(C)C)C
4beta-methylzymosterol-4alpha-carboxylic acid	CC(CCC=C(C)C)C1CCC2C1(CCC3=C2CCC4C3(CCC(C4(C)C(=O)O)O)C)C
5'-Deoxyadenosine	CC1C(C(C(O1)N2C=NC3=C(N=CN=C32)N)O)O
5'-S-methyl-5'-thioadenosine	CSCC1C(C(C(O1)N2C=NC3=C(N=CN=C32)N)O)O
5'-adenylyl sulfate	C1=NC(=C2C(=N1)N(C=N2)C3C(C(C(O3)COP(=O)(O)OS(=O)(=O)O)O)O)N
5'-phosphoribosyl-4-(N-succinocarboxamide)-5-aminoimidazole	C1=NC(=C(N1C2C(C(C(O2)COP(=O)(O)O)O)O)N)C(=O)NC(CC(=O)O)C(=O)O
5'-phosphoribosyl-5-aminoimidazole	C1=C(N(C=N1)C2C(C(C(O2)COP(=O)(O)O)O)O)N
5'-phosphoribosyl-N-formylglycineamide	C(C1C(C(C(O1)NC(=O)CNC=O)O)O)OP(=O)(O)O
5'-phosphoribosyl-N-formylglycineamidine	
5,10-methenyl-THF	C1C2CN(C=[N+]2C3=C(N1)N=C(NC3=O)N)C4=CC=C(C=C4)C(=O)NC(CCC(=O)O)C(=O)[O-]
5,10-methylenetetrahydrofolate	C1C2CN(CN2C3=C(N1)N=C(NC3=O)N)C4=CC=C(C=C4)C(=O)NC(CCC(=O)O)C(=O)O
5,6,7,8-tetrahydrofolyl-L-glutamic acid	C1C(NC2=C(N1)N=C(NC2=O)N)CNC3=CC=C(C=C3)C(=O)NC(CCC(=O)NC(CCC(=O)O)C(=O)O)C(=O)O
5,6-bis(diphospho)-1D-myo-inositol tetrakisphosphate	C1(C(C(C(C(C1OP(=O)(O)O)OP(=O)(O)OP(=O)(O)O)OP(=O)(O)OP(=O)(O)O)OP(=O)(O)O)OP(=O)(O)O)OP(=O)(O)O
5-(2-hydroxyethyl)-4-methylthiazole	CC1=C(SC=N1)CCO
5-(methylsulfanyl)-2,3-dioxopentyl phosphate	CSCCC(=O)C(=O)COP(=O)(O)O
5-Hydroxyindoleacetaldehyde	C1=CC2=C(C=C1O)C(=CN2)CC=O
5-Hydroxyindoleacetate	C1=CC2=C(C=C1O)C(=CN2)CC(=O)O
5-O-(1-carboxyvinyl)-3-phosphoshikimic acid	C=C(C(=O)O)OC1CC(=CC(C1O)OP(=O)(O)O)C(=O)O
5-[(5-phospho-1-deoxy-D-ribulos-1-ylamino)methylideneamino]-1-(5-phospho-D-ribosyl)imidazole-4-carboxamide	
5-amino-6-(5-phosphoribitylamino)uracil	C(C(C(C(COP(=O)(O)O)O)O)O)NC1=C(C(=O)NC(=O)N1)N
5-amino-6-(D-ribitylamino)uracil	C(C(C(C(CO)O)O)O)NC1=C(C(=O)NC(=O)N1)N
5-aminolevulinate	C(CC(=O)O)C(=O)CN
5-dehydro-D-gluconate	C(C(=O)C(C(C(C(=O)[O-])O)O)O)O
5-diphospho-1D-myo-inositol pentakisphosphate	C1(C(C(C(C(C1OP(=O)(O)O)OP(=O)(O)O)OP(=O)(O)OP(=O)(O)O)OP(=O)(O)O)OP(=O)(O)O)OP(=O)(O)O
5-formyltetrahydrofolic acid	C1C(N(C2=C(N1)N=C(NC2=O)N)C=O)CNC3=CC=C(C=C3)C(=O)NC(CCC(=O)O)C(=O)O
5-methyltetrahydrofolate	CN1C(CNC2=C1C(=O)NC(=N2)N)CNC3=CC=C(C=C3)C(=O)NC(CCC(=O)O)C(=O)O
5-methyltetrahydropteroyltri-L-glutamic acid	CN1C(CNC2=C1C(=O)NC(=N2)N)CNC3=CC=C(C=C3)C(=O)NC(CCC(=O)NC(CCC(=O)NC(CCC(=O)O)C(=O)O)C(=O)O)C(=O)O
5-oxo-L-proline	C1CC(=O)NC1C(=O)O
5-phospho-ribosyl-glycineamide	
5-phosphoribosyl-ATP	C1=NC2=C(N1C3C(C(C(O3)COP(=O)([O-])OP(=O)([O-])OP(=O)([O-])[O-])O)O)N=CN(C2=N)C4C(C(C(O4)COP(=O)([O-])[O-])O)O
5-phosphoribosylamine	C(C1C(C(C(O1)N)O)O)OP(=O)(O)O
6,7-dimethyl-8-(1-D-ribityl)lumazine	CC1=C(N(C2=NC(=O)NC(=O)C2=N1)CC(C(C(CO)O)O)O)C
6-(N-acetyl-alpha-D-glucosaminyl)-1-phosphatidyl-1D-myo-inositol	CC(=O)NC1C(C(C(OC1OC2C(C(C(C(C2OP(=O)(O)OCC(COC(=O)C)OC(=O)C)O)O)O)O)CO)O)O
6-(alpha-D-glucosaminyl)-1-phosphatidyl-1D-myo-inositol	C(C1C(C(C(C(O1)OC2C(C(C(C(C2OP(=O)(O)OCC(COC=O)OC=O)O)O)O)O)N)O)O)O
6-(alpha-D-glucosaminyl)-O-acyl-1-phosphatidyl-1D-myo-inositol	
6-O-[alpha-D-mannosyl-(1->4)-alpha-D-glucosaminyl]-O-acyl-1-phosphatidyl-1D-myo-inositol	
6-O-alpha-D-glucopyranosyl-D-fructofuranose	C(C1C(C(C(C(O1)OCC2C(C(C(O2)(CO)O)O)O)O)O)O)O
6-O-phosphono-D-glucono-1,5-lactone	C(C1C(C(C(C(=O)O1)O)O)O)OP(=O)(O)O
6-O-{2-O-[(2-aminoethyl)phosphoryl]-alpha-D-mannosyl-(1->4)-alpha-D-glucosaminyl}-O-acyl-1-phosphatidyl-1D-myo-inositol	
6-O-{alpha-D-mannosyl-(1->2)-alpha-D-mannosyl-(1->6)-2-O-[(2-aminoethyl)phosphoryl]-alpha-D-mannosyl-(1->4)-alpha-D-glucosaminyl}-O-acyl-1-phosphatidyl-1D-myo-inositol	
6-O-{alpha-D-mannosyl-(1->6)-2-O-[(2-aminoethyl)phosphoryl]-alpha-D-mannosyl-(1->4)-alpha-D-glucosaminyl}-O-acyl-1-phosphatidyl-1D-myo-inositol	
6-[6-(2-aminoethylphosphoryl)-alpha-mannosyl-(1->6)-2-(2-aminoethylphosphoryl)-alpha-mannosyl-(1->6)-alpha-2-(2-aminoethylphosphoryl)mannosyl-(1->4)-alpha-glucosaminyl]-O-acyl-1-phosphatidyl-1D-myo-inositol	
6-diphospho-1D-myo-inositol pentakisphosphate	C1(C(C(C(C(C1OP(=O)(O)O)OP(=O)(O)O)OP(=O)(O)OP(=O)(O)O)OP(=O)(O)O)OP(=O)(O)O)OP(=O)(O)O
6-phospho-D-gluconate	C(C(C(C(C(C(=O)O)O)O)O)O)OP(=O)(O)O
7,8-diaminononanoate	CC(C(CCCCCC(=O)O)N)N
7,8-dihydroneopterin	C1C(=NC2=C(N1)N=C(NC2=O)N)C(C(CO)O)O
7,8-dihydroneopterin 3'-phosphate	C1C(=NC2=C(N1)N=C(NC2=O)N)C(C(COP(=O)(O)O)O)O
7,8-dihydroneopterin 3'-triphosphate	C1C(=NC2=C(N1)N=C(NC2=O)N)C(C(COP(=O)(O)OP(=O)(O)OP(=O)(O)O)O)O
7,8-dihydropteroate	C1C(=NC2=C(N1)N=C(NC2=O)N)CNC3=CC=C(C=C3)C(=O)O
7-phospho-2-dehydro-3-deoxy-D-arabino-heptonic acid	C(C(C(C(COP(=O)(O)O)O)O)O)C(=O)C(=O)O
8-amino-7-oxononanoate	CC(C(=O)CCCCCC(=O)[O-])N
8-oxo-dGMP	C1C(C(OC1N2C3=C(C(=O)NC(=N3)N)NC2=O)COP(=O)(O)O)O
8-oxo-dGTP	C1C(C(OC1N2C3=C(C(=O)NC(=N3)N)NC2=O)COP(=O)(O)OP(=O)(O)OP(=O)(O)O)O
9H-xanthine	C1=NC2=C(N1)C(=O)NC(=O)N2
ACP1	
ADP	C1=NC(=C2C(=N1)N(C=N2)C3C(C(C(O3)COP(=O)(O)OP(=O)(O)O)O)O)N
ADP-5-ethyl-4-methylthiazole-2-carboxylate	CC1=C(SC(=N1)C(=O)[O-])CCOP(=O)([O-])OP(=O)([O-])OCC2C(C(C(O2)N3C=NC4=C(N=CN=C43)N)O)O
ADP-D-ribose 1''-phosphate	C1=NC(=C2C(=N1)N(C=N2)C3C(C(C(O3)COP(=O)(O)OP(=O)(O)OCC4C(C(C(O4)OP(=O)(O)O)O)O)O)O)N
ADP-ribose	C1=NC(=C2C(=N1)N(C=N2)C3C(C(C(O3)COP(=O)(O)OP(=O)(O)OCC4C(C(C(O4)O)O)O)O)O)N
AICAR	C1=NC(=C(N1C2C(C(C(O2)CO)O)O)N)C(=O)N
AMP	C1=NC(=C2C(=N1)N(C=N2)C3C(C(C(O3)COP(=O)(O)O)O)O)N
ATP	C1=NC(=C2C(=N1)N(C=N2)C3C(C(C(O3)COP(=O)(O)OP(=O)(O)OP(=O)(O)O)O)O)N
Acrylamide	C=CC(=O)N
Acrylic acid	C=CC(=O)O
Acyl-CoA	
Ala-Asp	CC(C(=O)NC(CC(=O)O)C(=O)O)N
Ala-Gln	CC(C(=O)NC(CCC(=O)N)C(=O)O)N
Ala-Glu	CC(C(=O)NC(CCC(=O)O)C(=O)O)N
Ala-Gly	CC(C(=O)NCC(=O)O)N
Ala-His	CC(C(=O)NC(CC1=CN=CN1)C(=O)O)N
Ala-Leu	CC(C)CC(C(=O)O)NC(=O)C(C)N
Ala-Thr	CC(C(C(=O)O)NC(=O)C(C)N)O
Ala-tRNA(Ala)	
Apocytochrome c	
Apoprotein	
Arg-tRNA(Arg)	
Asn-tRNA(Asn)	
Asp-tRNA(Asp)	
Benzamide	C1=CC=C(C=C1)C(=O)N
Benzoate	C1=CC=C(C=C1)C(=O)[O-]
C16:0 chain	
C16:1 chain	
C18:0 chain	
C18:1 chain	
C24:0 chain	
C26:0 chain	
CDP	C1=CN(C(=O)N=C1N)C2C(C(C(O2)COP(=O)(O)OP(=O)(O)O)O)O
CDP-choline	C[N+](C)(C)CCOP(=O)([O-])OP(=O)(O)OCC1C(C(C(O1)N2C=CC(=NC2=O)N)O)O
CDP-diacylglycerol	
CDP-diacylglycerol (1-16:0, 2-16:1)	
CDP-diacylglycerol (1-16:0, 2-18:1)	
CDP-diacylglycerol (1-16:1, 2-16:1)	
CDP-diacylglycerol (1-16:1, 2-18:1)	
CDP-diacylglycerol (1-18:0, 2-16:1)	
CDP-diacylglycerol (1-18:0, 2-18:1)	
CDP-diacylglycerol (1-18:1, 2-16:1)	
CDP-diacylglycerol (1-18:1, 2-18:1)	
CDP-ethanolamine	C1=CN(C(=O)N=C1N)C2C(C(C(O2)COP(=O)(O)OP(=O)(O)OCCN)O)O
CMP	C1=CN(C(=O)N=C1N)C2C(C(C(O2)COP(=O)(O)O)O)O
CTP	C1=CN(C(=O)N=C1N)C2C(C(C(O2)COP(=O)(O)OP(=O)(O)OP(=O)(O)O)O)O
Ca(2+)	[Ca+2]
Chloroacetaldehyde	C(C=O)Cl
Chloroacetic acid	C(C(=O)O)Cl
Cu2(+)	
Cyanamide	C(#N)N
Cys-tRNA(Cys)	
Cytochrome c	
D-Glucarate	C(C(C(C(=O)O)O)O)(C(C(=O)O)O)O
D-Glucosamine	C(C1C(C(C(C(O1)O)N)O)O)O
D-Glucuronolactone	
D-Glycerate	C(C(C(=O)[O-])O)O
D-Serine	C(C(C(=O)O)N)O
D-arabinitol	C(C(C(C(CO)O)O)O)O
D-arabinono-1,4-lactone	C(C1C(C(C(=O)O1)O)O)O
D-arabinose	
D-erythro-1-(imidazol-4-yl)glycerol 3-phosphate	C1=C(NC=N1)C(C(COP(=O)(O)O)O)O
D-erythrose 4-phosphate	C(C(C(C=O)O)O)OP(=O)(O)O
D-fructose	C1C(C(C(C(O1)(CO)O)O)O)O
D-fructose 1,6-bisphosphate	
D-fructose 1-phosphate	C(C(C(C(C(=O)COP(=O)(O)O)O)O)O)O
D-fructose 6-phosphate	C(C(C(C(C(=O)CO)O)O)O)OP(=O)(O)O
D-galactose	C(C1C(C(C(C(O1)O)O)O)O)O
D-galacturonate	C1(C(C(OC(C1O)O)C(=O)O)O)O
D-glucitol	C(C(C(C(C(CO)O)O)O)O)O
D-gluconate	C(C(C(C(C(C(=O)[O-])O)O)O)O)O
D-glucose	C(C1C(C(C(C(O1)O)O)O)O)O
D-glucose 1-phosphate	C(C1C(C(C(C(O1)OP(=O)(O)O)O)O)O)O
D-glucose 6-phosphate	C(C(C(C(C(C=O)O)O)O)O)OP(=O)(O)O
D-glyceraldehyde	C(C(C=O)O)O
D-mannose	C(C1C(C(C(C(O1)O)O)O)O)O
D-mannose 1-phosphate	C(C1C(C(C(C(O1)OP(=O)(O)O)O)O)O)O
D-mannose 6-phosphate	C(C1C(C(C(C(O1)O)O)O)O)OP(=O)(O)O
D-ribofuranose 5-phosphate	C(C1C(C(C(O1)O)O)O)OP(=O)(O)O
D-ribose	C1C(C(C(C(O1)O)O)O)O
D-ribulose 5-phosphate	C(C(C(C(=O)CO)O)O)OP(=O)(O)O
D-tagatofuranose 6-phosphate	C(C1C(C(C(O1)(CO)O)O)O)OP(=O)(O)O
D-tagatose	C1C(C(C(C(O1)(CO)O)O)O)O
D-tyrosine	C1=CC(=CC=C1CC(C(=O)O)N)O
D-tyrosyl-tRNA(Tyr)	
D-xylose	C1C(C(C(C(O1)O)O)O)O
D-xylulose	C(C(C(C(=O)CO)O)O)O
D-xylulose 5-phosphate	C(C(C(C(=O)CO)O)O)OP(=O)(O)O
DNA	
Delta(6)-trans,Delta(8)-cis-leukotriene B4	CCCCCC=CCC(C=CC=CC=CC(CCCC(=O)O)O)O
Dextrin	C(C1C(C(C(C(O1)OC2C(OC(C(C2O)O)OC3C(OC(C(C3O)O)O)CO)CO)O)O)O)O
Dihydrobiopterin	CC(C(C1=NC2=C(NC1)N=C(NC2=O)N)O)O
Dolichyl beta-D-glucosyl phosphate	CC(CCC=C(C)CCC=C(C)CCC=C(C)CCC=C(C)C)CCOP(=O)(O)OC1C(C(C(C(O1)CO)O)O)O
Dolichyl diphosphate	CC(CCC=C(C)CCC=C(C)CCC=C(C)CCC=C(C)C)CCOP(=O)(O)OP(=O)(O)O
Ethylnitronate	CC=[N+]([O-])[O-]
FAD	CC1=CC2=C(C=C1C)N(C3=NC(=O)NC(=O)C3=N2)CC(C(C(COP(=O)(O)OP(=O)(O)OCC4C(C(C(O4)N5C=NC6=C(N=CN=C65)N)O)O)O)O)O
FADH2	CC1=CC2=C(C=C1C)N(C3=C(N2)C(=O)NC(=O)N3)CC(C(C(COP(=O)(O)OP(=O)(O)OCC4C(C(C(O4)N5C=NC6=C(N=CN=C65)N)O)O)O)O)O
FMN	CC1=CC2=C(C=C1C)N(C3=NC(=O)NC(=O)C3=N2)CC(C(C(COP(=O)(O)O)O)O)O
FMNH2	CC1=CC2=C(C=C1C)N(C3=C(N2)C(=O)NC(=O)N3)CC(C(C(COP(=O)(O)O)O)O)O
Farnesoic acid	CC(=CCCC(=CCCC(=CC(=O)O)C)C)C
Ferricytochrome b5	
Ferrocytochrome b5	
G00003	
G00004	
G00005	
G00006	
G00007	
G00008	
G00009	
G00010	
G00011	
G00012	
G00140	
G00143	
G00149	
G00171	
G01813	
G10526	
G10595	
G10596	
G10597	
G10598	
G10599	
G10694	
GDP	C1=NC2=C(N1C3C(C(C(O3)COP(=O)(O)OP(=O)(O)O)O)O)N=C(NC2=O)N
GDP-alpha-D-mannose	C1=NC2=C(N1C3C(C(C(O3)COP(=O)(O)OP(=O)(O)OC4C(C(C(C(O4)CO)O)O)O)O)O)N=C(NC2=O)N
GMP	C1=NC2=C(N1C3C(C(C(O3)COP(=O)(O)O)O)O)N=C(NC2=O)N
GTP	C1=NC2=C(N1C3C(C(C(O3)COP(=O)(O)OP(=O)(O)OP(=O)(O)O)O)O)N=C(NC2=O)N
Gln-tRNA(Gln)	
Glu-tRNA(Glu)	
Gly-Asn	C(C(C(=O)O)NC(=O)CN)C(=O)N
Gly-Gln	C(CC(=O)N)C(C(=O)O)NC(=O)CN
Gly-Glu	C(CC(=O)O)C(C(=O)O)NC(=O)CN
Gly-Met	CSCCC(C(=O)O)NC(=O)CN
Gly-tRNA(Gly)	
Glycyl-tRNA(Ala)	
H+	[H+]
H2O	O
HX	C1=NC2=C(N1)C(=O)NC=N2
His-tRNA(His)	
Hydroquinone	C1=CC(=CC=C1O)O
IDP	C1=NC2=C(C(=O)N1)N=CN2C3C(C(C(O3)COP(=O)(O)OP(=O)(O)O)O)O
IMP	C1=NC2=C(C(=O)N1)N=CN2C3C(C(C(O3)COP(=O)(O)O)O)O
ITP	C1=NC2=C(C(=O)N1)N=CN2C3C(C(C(O3)COP(=O)(O)OP(=O)(O)OP(=O)(O)O)O)O
Ile-tRNA(Ile)	
Imidazole-4-acetaldehyde	C1=C(NC=N1)CC=O
Imidazole-4-acetate	C1=C(NC=N1)CC(=O)O
Isomaltose	C(C1C(C(C(C(O1)OCC2C(C(C(C(O2)O)O)O)O)O)O)O)O
L-2-amino-3-oxobutanoate	CC(=O)C(C(=O)O)N
L-2-aminoadipate	C(CC(C(=O)O)N)CC(=O)O
L-4-hydroxyglutamic semialdehyde	C(C(C=O)O)C(C(=O)O)N
L-Arginyl-protein	
L-Methionine S-oxide	CS(=O)CCC(C(=O)O)N
L-Threonylcarbamoyladenylate	CC(C(C(=O)O)NC(=O)OP(=O)(O)OCC1C(C(C(O1)N2C=NC3=C(N=CN=C32)N)O)O)O
L-alanine	CC(C(=O)O)N
L-allothreonine	CC(C(C(=O)O)N)O
L-allysine	C(CC=O)CC(C(=O)O)N
L-alpha-formylglycine	C(=O)C(C(=O)O)N
L-arabinitol	C(C(C(C(CO)O)O)O)O
L-arabinose	C1C(C(C(C(O1)O)O)O)O
L-arginine	C(CC(C(=O)O)N)CN=C(N)N
L-asparagine	C(C(C(=O)O)N)C(=O)N
L-aspartate	C(C(C(=O)O)N)C(=O)O
L-aspartate 4-semialdehyde	C(C=O)C(C(=O)[O-])[NH3+]
L-citrulline	C(CC(C(=O)O)N)CNC(=O)N
L-cystathionine	C(CSCC(C(=O)O)N)C(C(=O)O)N
L-cysteate	C(C(C(=O)O)N)S(=O)(=O)O
L-cysteine	C(C(C(=O)O)N)S
L-cysteinylglycine	C(C(C(=O)NCC(=O)O)N)S
L-cystine	C(C(C(=O)O)N)SSCC(C(=O)O)N
L-gamma-glutamyl phosphate	C(CC(=O)OP(=O)(O)O)C(C(=O)O)N
L-gamma-glutamyl-L-alanine	CC(C(=O)O)NC(=O)CCC(C(=O)O)N
L-gamma-glutamyl-L-cysteine	C(CC(=O)NC(CS)C(=O)O)C(C(=O)O)N
L-glucitol	C(C(C(C(C(CO)O)O)O)O)O
L-glutamate	C(CC(=O)O)C(C(=O)O)N
L-glutamic 5-semialdehyde	C(CC(C(=O)O)N)C=O
L-glutamine	C(CC(=O)N)C(C(=O)O)N
L-glutamyl-tRNA(Gln)	
L-glycine	C(C(=O)O)N
L-histidine	C1=C(NC=N1)CC(C(=O)O)N
L-histidinol	C1=C(NC=N1)CC(CO)N
L-histidinol phosphate	C1=C(NC=N1)CC(COP(=O)(O)O)N
L-homocysteine	C(CS)C(C(=O)O)N
L-homoserine	C(CO)C(C(=O)O)N
L-iditol	C(C(C(C(C(CO)O)O)O)O)O
L-isoleucine	CCC(C)C(C(=O)O)N
L-kynurenine	C1=CC=C(C(=C1)C(=O)CC(C(=O)O)N)N
L-leucine	CC(C)CC(C(=O)O)N
L-lysine	C(CCN)CC(C(=O)O)N
L-lysine-[histone]	
L-methionine	CSCCC(C(=O)O)N
L-methionine (S)-S-oxide	CS(=O)CCC(C(=O)O)N
L-phenylalanine	C1=CC=C(C=C1)CC(C(=O)O)N
L-proline	C1CC(NC1)C(=O)O
L-saccharopine	C(CCNC(CCC(=O)O)C(=O)O)CC(C(=O)O)N
L-serine	C(C(C(=O)O)N)O
L-sorbose	C1C(C(C(C(O1)(CO)O)O)O)O
L-threonine	CC(C(C(=O)O)N)O
L-tryptophan	C1=CC=C2C(=C1)C(=CN2)CC(C(=O)O)N
L-tyrosine	C1=CC(=CC=C1CC(C(=O)O)N)O
L-valine	CC(C)C(C(=O)O)N
L-xylulose	C(C(C(C(=O)CO)O)O)O
Leu-tRNA(Leu)	
Lipoyl-AMP	C1CSSC1CCCCC(=O)OP(=O)(O)OCC2C(C(C(O2)N3C=NC4=C(N=CN=C43)N)O)O
Lipoyl-[acp]	
Lys-tRNA(Lys)	
Mannitol	C(C(C(C(C(CO)O)O)O)O)O
Met-Ala	CC(C(=O)O)NC(=O)C(CCSC)N
Met-tRNA(Met)	
Methylmalonate	CC(C(=O)O)C(=O)O
Mg(2+)	[Mg+2]
Mn(2+)	[Mn+2]
N(1)-acetylspermidine	CC(=O)NCCCNCCCCN
N(1)-acetylspermine	CC(=O)NCCCNCCCCNCCCN
N(2)-acetyl-L-ornithine	CC(=O)NC(CCCN)C(=O)O
N(alpha)-acetyl-L-methionine	CC(=O)NC(CCSC)C(=O)[O-]
N(omega)-phospho-L-arginine	C(CC(C(=O)O)N)CN=C(N)NP(=O)(O)O
N(pros)-methyl-L-histidine	CN1C=NC=C1CC(C(=O)O)N
N,N'-Chitobiosyldiphosphodolichol	
N,N'-diacetylchitobiosyldiphosphodolichol	CC(CCC=C(C)CCC=C(C)CCC=C(C)CCC=C(C)C)CCOP(=O)([O-])OP(=O)([O-])OC1C(C(C(C(O1)CO)OC2C(C(C(C(O2)CO)O)O)NC(=O)C)O)NC(=O)C
N,N'-diformyldityrosine	C1=CC(=C(C=C1CC(C(=O)O)NC=O)C2=C(C=CC(=C2)CC(C(=O)O)NC=O)O)O
N-(4-oxoglutarate)-L-cysteinylglycine	
N-(5-phospho-beta-D-ribosyl)anthranilate	C1=CC=C(C(=C1)C(=O)O)NC2C(C(C(O2)COP(=O)(O)O)O)O
N-Acetyl-D-glucosamine	CC(=O)NC1C(C(C(OC1O)CO)O)O
N-Acetyl-D-glucosaminyldiphosphodolichol	CC(CCC=C(C)CCC=C(C)CCC=C(C)CCC=C(C)C)CCOP(=O)(O)OP(=O)(O)OC1C(C(C(C(O1)CO)O)O)NC(=O)C
N-[(R)-4-phosphonopantothenoyl]-L-cysteine	
N-acetyl-D-glucosamine 6-phosphate	CC(=O)NC1C(C(C(OC1O)COP(=O)(O)O)O)O
N-acetyl-L-cysteine	CC(=O)NC(CS)C(=O)O
N-acetyl-L-gamma-glutamyl phosphate	CC(=O)NC(CCC(=O)OP(=O)(O)O)C(=O)O
N-acetyl-L-glutamate	CC(=O)NC(CCC(=O)O)C(=O)O
N-acetyl-alpha-D-glucosamine 1-phosphate	CC(=O)NC1C(C(C(OC1OP(=O)(O)O)CO)O)O
N-acetylputrescine	CC(=O)NCCCCN
N-carbamoyl-L-aspartate	C(C(C(=O)O)NC(=O)N)C(=O)O
N-formyl-L-kynurenine	C1=CC=C(C(=C1)C(=O)CC(C(=O)O)N)NC=O
N-formyl-L-tyrosine	C1=CC(=CC=C1CC(C(=O)O)NC=O)O
N-phosphocreatine	CN(CC(=O)O)C(=NP(=O)(O)O)N
N4-Acetylaminobutanal	CC(=O)NCCCC=O
N6-methyl-L-lysine-[histone]	
NAD	C1=CC(=C[N+](=C1)C2C(C(C(O2)COP(=O)([O-])OP(=O)(O)OCC3C(C(C(O3)N4C=NC5=C(N=CN=C54)N)O)O)O)O)C(=O)N
NADH	C1C=CN(C=C1C(=O)N)C2C(C(C(O2)COP(=O)(O)OP(=O)(O)OCC3C(C(C(O3)N4C=NC5=C(N=CN=C54)N)O)O)O)O
NADP(+)	C1=CC(=C[N+](=C1)C2C(C(C(O2)COP(=O)([O-])OP(=O)([O-])OCC3C(C(C(O3)N4C=NC5=C(N=CN=C54)N)OP(=O)([O-])[O-])O)O)O)C(=O)N
NADPH	C1C=CN(C=C1C(=O)N)C2C(C(C(O2)COP(=O)(O)OP(=O)(O)OCC3C(C(C(O3)N4C=NC5=C(N=CN=C54)N)OP(=O)(O)O)O)O)O
NMN	C1=CC(=C[N+](=C1)C2C(C(C(O2)COP(=O)(O)[O-])O)O)C(=O)N
Nitrite	N(=O)[O-]
O(4)-phospho-L-tyrosine	C1=CC(=CC=C1CC(C(=O)O)N)OP(=O)(O)O
O-acetyl-L-homoserine	CC(=O)OCCC(C(=O)O)N
O-acetyl-L-serine	CC(=O)OCC(C(=O)O)N
O-acetylcarnitine	CC(=O)OC(CC(=O)[O-])C[N+](C)(C)C
O-phospho-L-homoserine	C(COP(=O)(O)O)C(C(=O)O)N
O-phospho-L-threonine	CC(C(C(=O)O)N)OP(=O)(O)O
O-phosphoethanolamine	C(COP(=O)(O)O)N
O-phosphonatooxy-D-serine(2-)	C(C(C(=O)[O-])[NH3+])OP(=O)([O-])[O-]
O-succinyl-L-homoserine	C(COC(=O)CCC(=O)O)C(C(=O)O)N
Oxalate	C(=O)(C(=O)[O-])[O-]
Oxalyl-CoA	CC(C)(COP(=O)(O)OP(=O)(O)OCC1C(C(C(O1)N2C=NC3=C(N=CN=C32)N)O)OP(=O)(O)O)C(C(=O)NCCC(=O)NCCSC(=O)C(=O)O)O
P(1),P(4)-bis(5'-adenosyl) tetraphosphate	C1=NC(=C2C(=N1)N(C=N2)C3C(C(C(O3)COP(=O)(O)OP(=O)(O)OP(=O)(O)OP(=O)(O)OCC4C(C(C(O4)N5C=NC6=C(N=CN=C65)N)O)O)O)O)N
P(1),P(4)-bis(5'-guanosyl) tetraphosphate	C1=NC2=C(N1C3C(C(C(O3)COP(=O)(O)OP(=O)(O)OP(=O)(O)OP(=O)(O)OCC4C(C(C(O4)N5C=NC6=C5N=C(NC6=O)N)O)O)O)O)N=C(NC2=O)N
P1-(5'-adenosyl),P4-(5'-guanosyl) tetraphosphate	
PRPP	C(C1C(C(C(O1)OP(=O)(O)OP(=O)(O)O)O)O)OP(=O)(O)O
Peptide diphthamide	
Peptide diphthine	
Perillic acid	CC(=C)C1CCC(=CC1)C(=O)O
Perillyl aldehyde	CC(=C)C1CCC(=CC1)C=O
Phe-tRNA(Phe)	
Pro-tRNA(Pro)	
Propynoate	C#CC(=O)[O-]
Protein C-terminal S-farnesyl-L-cysteine	
Protein C-terminal S-farnesyl-L-cysteine methyl ester	
Protein N6-(lipoyl)lysine	
Protein N6-(octanoyl)lysine	
Protein asparagine	
R-S-Cysteinylglycine	
R-S-glutathione	
RNA	
RX	
S(8)-aminomethyldihydrolipoamide	C(CCC(=O)N)CC(CCSCN)S
S(8)-aminomethyldihydrolipoylprotein	
S(8)-succinyldihydrolipoamide	C(CCC(=O)N)CC(CCSC(=O)CCC(=O)O)S
S-Substituted L-cysteine	
S-adenosyl-4-methylthio-2-oxobutanoate	C[S+](CCC(=O)C(=O)O)CC1C(C(C(O1)N2C=NC3=C(N=CN=C32)N)O)O
S-adenosyl-L-homocysteine	C1=NC(=C2C(=N1)N(C=N2)C3C(C(C(O3)CSCCC(C(=O)O)N)O)O)N
S-adenosyl-L-methionine	C[S+](CCC(C(=O)[O-])N)CC1C(C(C(O1)N2C=NC3=C(N=CN=C32)N)O)O
S-adenosylmethioninamine	C[S+](CCCN)CC1C(C(C(O1)N2C=NC3=C(N=CN=C32)N)O)O
S-formylglutathione	C(CC(=O)NC(CSC=O)C(=O)NCC(=O)O)C(C(=O)O)N
S-methyl-5-thio-D-ribulose 1-phosphate	CSCC(C(C(=O)COP(=O)(O)O)O)O
S-methyl-5-thio-alpha-D-ribose 1-phosphate	CSCC1C(C(C(O1)OP(=O)(O)O)O)O
S-methyl-L-methionine	C[S+](C)CCC(C(=O)O)N
S-sulfanyl-[L-cysteine desulfurase]	
S-sulfanyl-[cysteine desulfurase]-[disordered-form scaffold protein] complex	
Ser-tRNA(Ser)	
Starch	
Sulfur donor	
TDP	
THF	C1CCOC1
TMP	
TRX1	
TRX1 disulphide	
Thr-tRNA(Thr)	
Threo-3-hydroxy-L-aspartate	C(C(C(=O)O)O)(C(=O)O)N
Trp-tRNA(Trp)	
Tyr-tRNA(Tyr)	
UDP	C1=CN(C(=O)NC1=O)C2C(C(C(O2)COP(=O)(O)OP(=O)(O)O)O)O
UDP-D-galactose	C1=CN(C(=O)NC1=O)C2C(C(C(O2)COP(=O)(O)OP(=O)(O)OC3C(C(C(C(O3)CO)O)O)O)O)O
UDP-D-glucose	C1=CN(C(=O)NC1=O)C2C(C(C(O2)COP(=O)(O)OP(=O)(O)OC3C(C(C(C(O3)CO)O)O)O)O)O
UDP-N-acetyl-alpha-D-glucosamine	CC(=O)NC1C(C(C(OC1OP(=O)(O)OP(=O)(O)OCC2C(C(C(O2)N3C=CC(=O)NC3=O)O)O)CO)O)O
UMP	C1=CN(C(=O)NC1=O)C2C(C(C(O2)COP(=O)(O)O)O)O
UTP	C1=CN(C(=O)NC1=O)C2C(C(C(O2)COP(=O)(O)OP(=O)(O)OP(=O)(O)O)O)O
Val-tRNA(Val)	
Zn(2+)	[Zn+2]
[cytochrome c]-L-lysine	
[cytochrome c]-N6-methyl-L-lysine	
[disordered-form [Fe-S] cluster scaffold protein]	
[protein]-L-lysine	
[protein]-N(6)-acetyl-L-lysine	
acetaldehyde	CC=O
acetate	CC(=O)[O-]
acetoacetate	CC(=O)CC(=O)[O-]
acetoacetyl-ACP	
acetoacetyl-CoA	CC(=O)CC(=O)SCCNC(=O)CCNC(=O)C(C(C)(C)COP(=O)(O)OP(=O)(O)OCC1C(C(C(O1)N2C=NC3=C(N=CN=C32)N)O)OP(=O)(O)O)O
acetyl-ACP	
acetyl-CoA	CC(=O)SCCNC(=O)CCNC(=O)C(C(C)(C)COP(=O)(O)OP(=O)(O)OCC1C(C(C(O1)N2C=NC3=C(N=CN=C32)N)O)OP(=O)(O)O)O
acylglycerone phosphate (16:0)	
acylglycerone phosphate (16:1)	
acylglycerone phosphate (18:0)	
acylglycerone phosphate (18:1)	
adenine	C1=NC2=NC=NC(=C2N1)N
adenosine	C1=NC(=C2C(=N1)N(C=N2)C3C(C(C(O3)CO)O)O)N
adenosine 2'-phosphate	C1=NC(=C2C(=N1)N(C=N2)C3C(C(C(O3)CO)O)OP(=O)(O)O)N
adenosine 3',5'-bismonophosphate	C1=NC(=C2C(=N1)N(C=N2)C3C(C(C(O3)COP(=O)(O)O)OP(=O)(O)O)O)N
adenylo-succinate	C1=NC(=C2C(=N1)N(C=N2)C3C(C(C(O3)COP(=O)([O-])[O-])O)O)NC(CC(=O)[O-])C(=O)[O-]
aldehydo-D-ribose 5-phosphate	C(C(C(C(C=O)O)O)O)OP(=O)([O-])[O-]
alkanesulfonate	
allantoate	C(C(=O)[O-])(NC(=O)N)NC(=O)N
allantoin	C1(C(=O)NC(=O)N1)NC(=O)N
alpha,alpha-trehalose 6-phosphate	C(C1C(C(C(C(O1)OC2C(C(C(C(O2)COP(=O)(O)O)O)O)O)O)O)O)O
alpha-D-Galactose	C(C1C(C(C(C(O1)O)O)O)O)O
alpha-D-Glucose	C(C1C(C(C(C(O1)O)O)O)O)O
alpha-D-Glucose 6-phosphate	C(C1C(C(C(C(O1)O)O)O)O)OP(=O)(O)O
alpha-D-galactose 1-phosphate	C(C1C(C(C(C(O1)OP(=O)(O)O)O)O)O)O
alpha-D-glucosamine 1-phosphate	C(C1C(C(C(C(O1)OP(=O)(O)O)N)O)O)O
alpha-D-glucosamine 6-phosphate	C(C1C(C(C(C(O1)O)N)O)O)OP(=O)(O)O
alpha-D-mannopyranose	C(C1C(C(C(C(O1)O)O)O)O)O
alpha-D-mannoside	C(C1C(C(C(C(O1)O)O)O)O)O
alpha-D-mannosyl-beta-D-mannosyldiacetylchitobiosyldiphosphodolichol	CC(CCC=C(C)CCC=C(C)CCC=C(C)CCC=C(C)C)CCOP(=O)(O)OP(=O)(O)OC1C(C(C(C(O1)CO)OC2C(C(C(C(O2)CO)OC3C(C(C(C(O3)CO)O)OC4C(C(C(C(O4)CO)O)O)O)O)O)NC(=O)C)O)NC(=O)C
alpha-D-ribose 1-phosphate(2-)	C(C1C(C(C(O1)OP(=O)([O-])[O-])O)O)O
alpha-maltotriose	C(C1C(C(C(C(O1)OC2C(OC(C(C2O)O)OC3C(OC(C(C3O)O)O)CO)CO)O)O)O)O
aminoacetaldehyde	C(C=O)N
aminoacetone	CC(=O)CN
ammonium	[NH4+]
anserine	CN1C=NC=C1CC(C(=O)O)NC(=O)CCN
anthranilate	C1=CC=C(C(=C1)C(=O)O)N
arachidate	CCCCCCCCCCCCCCCCCCCC(=O)O
ascorbate	C(C(C1C(=C(C(=O)O1)O)O)O)O
behenate	CCCCCCCCCCCCCCCCCCCCCC(=O)[O-]
benzaldehyde	C1=CC=C(C=C1)C=O
benzil	C1=CC=C(C=C1)C(=O)C(=O)C2=CC=CC=C2
benzyl alcohol	C1=CC=C(C=C1)CO
beta-D-Fructose	C(C1C(C(C(O1)(CO)O)O)O)O
beta-D-Fructose 6-phosphate	C(C1C(C(C(O1)(CO)O)O)O)OP(=O)(O)O
beta-D-Glucose	C(C1C(C(C(C(O1)O)O)O)O)O
beta-D-Glucose 6-phosphate	C(C1C(C(C(C(O1)O)O)O)O)OP(=O)(O)O
beta-D-fructose 2,6-bisphosphate	C(C1C(C(C(O1)(CO)OP(=O)(O)O)O)O)OP(=O)(O)O
beta-D-mannosyldiacetylchitobiosyldiphosphodolichol	CC(CCC=C(C)CCC=C(C)CCC=C(C)CCC=C(C)C)CCOP(=O)(O)OP(=O)(O)OC1C(C(C(C(O1)CO)OC2C(C(C(C(O2)CO)OC3C(C(C(C(O3)CO)O)O)O)O)NC(=O)C)O)NC(=O)C
beta-alanine	C(CN)C(=O)O
bicarbonate	C(=O)(O)[O-]
biomass	
biotin	C1C2C(C(S1)CCCCC(=O)O)NC(=O)N2
biotinyl-5'-AMP	C1C2C(C(S1)CCCCC(=O)OP(=O)(O)OCC3C(C(C(O3)N4C=NC5=C(N=CN=C54)N)O)O)NC(=O)N2
but-1-ene-1,2,4-tricarboxylic acid	C(CC(=O)O)C(=CC(=O)O)C(=O)O
but-2-enoyl-CoA	CC=CC(=O)SCCNC(=O)CCNC(=O)C(C(C)(C)COP(=O)(O)OP(=O)(O)OCC1C(C(C(O1)N2C=NC3=C(N=CN=C32)N)O)OP(=O)(O)O)O
butanoyl-ACP	
butanoyl-CoA	CCCC(=O)SCCNC(=O)CCNC(=O)C(C(C)(C)COP(=O)(O)OP(=O)(O)OCC1C(C(C(O1)N2C=NC3=C(N=CN=C32)N)O)OP(=O)(O)O)O
butyrate	CCCC(=O)[O-]
cadmium(2+)	[Cd+2]
carbamoyl phosphate	C(=O)(N)OP(=O)(O)O
carbohydrate	
carbon dioxide	C(=O)=O
carboxyacetyl-ACP	
cardiolipin (1-16:0, 2-16:1, 3-16:0, 4-16:1)	
cardiolipin (1-16:0, 2-16:1, 3-16:0, 4-18:1)	
cardiolipin (1-16:0, 2-16:1, 3-16:1, 4-16:1)	
cardiolipin (1-16:0, 2-16:1, 3-16:1, 4-18:1)	
cardiolipin (1-16:0, 2-16:1, 3-18:0, 4-16:1)	
cardiolipin (1-16:0, 2-16:1, 3-18:1, 4-16:1)	
cardiolipin (1-16:0, 2-16:1, 3-18:1, 4-18:1)	
cardiolipin (1-16:0, 2-18:1, 3-16:0, 4-16:1)	
cardiolipin (1-16:0, 2-18:1, 3-16:0, 4-18:1)	
cardiolipin (1-16:0, 2-18:1, 3-16:1, 4-16:1)	
cardiolipin (1-16:0, 2-18:1, 3-16:1, 4-18:1)	
cardiolipin (1-16:0, 2-18:1, 3-18:0, 4-16:1)	
cardiolipin (1-16:0, 2-18:1, 3-18:1, 4-16:1)	
cardiolipin (1-16:0, 2-18:1, 3-18:1, 4-18:1)	
cardiolipin (1-16:1, 2-16:1, 3-16:0, 4-16:1)	
cardiolipin (1-16:1, 2-16:1, 3-16:0, 4-18:1)	
cardiolipin (1-16:1, 2-16:1, 3-16:1, 4-16:1)	
cardiolipin (1-16:1, 2-16:1, 3-16:1, 4-18:1)	
cardiolipin (1-16:1, 2-16:1, 3-18:0, 4-16:1)	
cardiolipin (1-16:1, 2-16:1, 3-18:1, 4-16:1)	
cardiolipin (1-16:1, 2-16:1, 3-18:1, 4-18:1)	
cardiolipin (1-16:1, 2-18:1, 3-16:0, 4-16:1)	
cardiolipin (1-16:1, 2-18:1, 3-16:0, 4-18:1)	
cardiolipin (1-16:1, 2-18:1, 3-16:1, 4-16:1)	
cardiolipin (1-16:1, 2-18:1, 3-16:1, 4-18:1)	
cardiolipin (1-16:1, 2-18:1, 3-18:0, 4-16:1)	
cardiolipin (1-16:1, 2-18:1, 3-18:1, 4-16:1)	
cardiolipin (1-16:1, 2-18:1, 3-18:1, 4-18:1)	
cardiolipin (1-18:0, 2-16:1, 3-16:0, 4-16:1)	
cardiolipin (1-18:0, 2-16:1, 3-16:0, 4-18:1)	
cardiolipin (1-18:0, 2-16:1, 3-16:1, 4-16:1)	
cardiolipin (1-18:0, 2-16:1, 3-16:1, 4-18:1)	
cardiolipin (1-18:0, 2-16:1, 3-18:0, 4-16:1)	
cardiolipin (1-18:0, 2-16:1, 3-18:1, 4-16:1)	
cardiolipin (1-18:0, 2-16:1, 3-18:1, 4-18:1)	
cardiolipin (1-18:1, 2-16:1, 3-16:0, 4-16:1)	
cardiolipin (1-18:1, 2-16:1, 3-16:0, 4-18:1)	
cardiolipin (1-18:1, 2-16:1, 3-16:1, 4-16:1)	
cardiolipin (1-18:1, 2-16:1, 3-16:1, 4-18:1)	
cardiolipin (1-18:1, 2-16:1, 3-18:0, 4-16:1)	
cardiolipin (1-18:1, 2-16:1, 3-18:1, 4-16:1)	
cardiolipin (1-18:1, 2-16:1, 3-18:1, 4-18:1)	
cardiolipin (1-18:1, 2-18:1, 3-16:0, 4-16:1)	
cardiolipin (1-18:1, 2-18:1, 3-16:0, 4-18:1)	
cardiolipin (1-18:1, 2-18:1, 3-16:1, 4-16:1)	
cardiolipin (1-18:1, 2-18:1, 3-16:1, 4-18:1)	
cardiolipin (1-18:1, 2-18:1, 3-18:0, 4-16:1)	
cardiolipin (1-18:1, 2-18:1, 3-18:1, 4-16:1)	
cardiolipin backbone	
carnosine	C1=C(NC=N1)CC(C(=O)O)NC(=O)CCN
ceramide backbone	
ceramide-1 (C24)	
ceramide-1 (C26)	CCCCCCCCCCCCCCCCCCCCCCCCCC(=O)NC(CO)C(CCCCCCCCCCCCCCC)O
ceramide-2 (C24)	CCCCCCCCCCCCCCCCCCCCCCCC(=O)NC(CO)C(C(CCCCCCCCCCCCCC)O)O
ceramide-2 (C26)	CCCCCCCCCCCCCCCCCCCCCCCCCC(=O)NC(CO)C(C(CCCCCCCCCCCCCC)O)O
ceramide-2' (C24)	CCCCCCCCCCCCCCCCCCCCCCC(C(=O)NC(CO)C(CCCCCCCCCCCCCCC)O)O
ceramide-2' (C26)	
ceramide-3 (C24)	CCCCCCCCCCCCCCCCCCCCCCC(C(=O)NC(CO)C(C(CCCCCCCCCCCCCC)O)O)O
ceramide-3 (C26)	CCCCCCCCCCCCCCCCCCCCCCCCC(C(=O)NC(CO)C(C(CCCCCCCCCCCCCC)O)O)O
ceramide-4 (C24)	CCCCCCCCCCCCCCCCCCCCCC(C(C(=O)NC(CO)C(C(CCCCCCCCCCCCCC)O)O)O)O
ceramide-4 (C26)	CCCCCCCCCCCCCCCCCCCCCCCC(C(C(=O)NC(CO)C(C(CCCCCCCCCCCCCC)O)O)O)O
cerotic acid	CCCCCCCCCCCCCCCCCCCCCCCCCC(=O)O
chitin	
chitosan	COC(=O)NC1C(C(C(OC1OC2C(OC(C(C2O)N)OC3C(OC(C(C3O)N)O)CO)CO)CO)OC4C(C(C(C(O4)CO)OC5C(C(C(C(O5)CO)OC6C(C(C(C(O6)CO)OC7C(C(C(C(O7)CO)OC8C(C(C(C(O8)CO)OC9C(C(C(C(O9)CO)O)O)N)O)N)O)N)O)N)O)N)O)N)O
chloride	[Cl-]
cholesterol	CC(C)CCCC(C)C1CCC2C1(CCC3C2CC=C4C3(CCC(C4)O)C)C
choline	C[N+](C)(C)CCO
choline phosphate	C[N+](C)(C)CCOP(=O)(O)O
chorismate	C=C(C(=O)O)OC1C=C(C=CC1O)C(=O)O
cis-3-Chloroacrylic acid	C(=CCl)C(=O)O
cis-3-Chloroallyl aldehyde	C(=CCl)C=O
cis-aconitate	C(C(=CC(=O)O)C(=O)O)C(=O)O
cis-dec-3-enoyl-CoA	
cis-dodec-3-enoyl-CoA	CCCCCCCCC=CCC(=O)SCCNC(=O)CCNC(=O)C(C(C)(C)COP(=O)(O)OP(=O)(O)OCC1C(C(C(O1)N2C=NC3=C(N=CN=C32)N)O)OP(=O)(O)O)O
cis-dodec-5-enoyl-CoA	
cis-hexadec-7-enoyl-CoA	CCCCCCCCC=CCCCCCC(=O)SCCNC(=O)CCNC(=O)C(C(C)(C)COP(=O)([O-])OP(=O)([O-])OCC1C(C(C(O1)N2C=NC3=C(N=CN=C32)N)O)OP(=O)([O-])[O-])O
cis-tetradec-5-enoyl-CoA	CCCCCCCCC=CCCCC(=O)SCCNC(=O)CCNC(=O)C(C(C)(C)COP(=O)(O)OP(=O)(O)OCC1C(C(C(O1)N2C=NC3=C(N=CN=C32)N)O)OP(=O)(O)O)O
cis-tetradec-7-enoyl-CoA	
citrate	C(C(=O)[O-])C(CC(=O)[O-])(C(=O)[O-])O
coenzyme A	CC(C)(COP(=O)(O)OP(=O)(O)OCC1C(C(C(O1)N2C=NC3=C(N=CN=C32)N)O)OP(=O)(O)O)C(C(=O)NCCC(=O)NCCS)O
cofactor	C1C2CN(CN2C3=C(N1)N=C(NC3=O)N)C4=CC=C(C=C4)C(=O)NC(CCC(=O)[O-])C(=O)[O-].[Ca+2]
coproporphyrinogen III	CC1=C2CC3=C(C(=C(N3)CC4=C(C(=C(N4)CC5=C(C(=C(N5)CC(=C1CCC(=O)O)N2)C)CCC(=O)O)C)CCC(=O)O)CCC(=O)O)C
creatinine	CN1CC(=O)N=C1N
cysteamine	C(CS)N
cysteamine S-phosphate	C(CSP(=O)(O)O)N
cytidine	C1=CN(C(=O)N=C1N)C2C(C(C(O2)CO)O)O
cytidine 2'-phosphate	C1=CN(C(=O)N=C1N)C2C(C(C(O2)CO)O)OP(=O)(O)O
cytosine	C1=C(NC(=O)N=C1)N
dADP	C1C(C(OC1N2C=NC3=C(N=CN=C32)N)COP(=O)(O)OP(=O)(O)O)O
dAMP	C1C(C(OC1N2C=NC3=C(N=CN=C32)N)COP(=O)(O)O)O
dATP	C1C(C(OC1N2C=NC3=C(N=CN=C32)N)COP(=O)(O)OP(=O)(O)OP(=O)(O)O)O
dCDP	C1C(C(OC1N2C=CC(=NC2=O)N)COP(=O)(O)OP(=O)(O)O)O
dCMP	C1C(C(OC1N2C=CC(=NC2=O)N)COP(=O)(O)O)O
dCTP	C1C(C(OC1N2C=CC(=NC2=O)N)COP(=O)(O)OP(=O)(O)OP(=O)(O)O)O
dGDP	C1C(C(OC1N2C=NC3=C2N=C(NC3=O)N)COP(=O)(O)OP(=O)(O)O)O
dGMP	C1C(C(OC1N2C=NC3=C2N=C(NC3=O)N)COP(=O)(O)O)O
dGTP	C1C(C(OC1N2C=NC3=C2N=C(NC3=O)N)COP(=O)(O)OP(=O)(O)OP(=O)(O)O)O
dIDP	C1C(C(OC1N2C=NC3=C2N=CNC3=O)COP(=O)(O)OP(=O)(O)O)O
dITP	C1C(C(OC1N2C=NC3=C2N=CNC3=O)COP(=O)(O)OP(=O)(O)OP(=O)(O)O)O
dTDP	CC1=CN(C(=O)NC1=O)C2CC(C(O2)COP(=O)(O)OP(=O)(O)O)O
dTMP	CC1=CN(C(=O)NC1=O)C2CC(C(O2)COP(=O)(O)O)O
dTTP	CC1=CN(C(=O)NC1=O)C2CC(C(O2)COP(=O)(O)OP(=O)(O)OP(=O)(O)O)O
dUDP	C1C(C(OC1N2C=CC(=O)NC2=O)COP(=O)(O)OP(=O)(O)O)O
dUMP	C1C(C(OC1N2C=CC(=O)NC2=O)COP(=O)(O)O)O
dUTP	C1C(C(OC1N2C=CC(=O)NC2=O)COP(=O)(O)OP(=O)(O)OP(=O)(O)O)O
deamido-NAD(+)	C1=CC(=C[N+](=C1)C2C(C(C(O2)COP(=O)(O)OP(=O)(O)OCC3C(C(C(O3)N4C=NC5=C(N=CN=C54)N)O)O)O)O)C(=O)O
decanoate	CCCCCCCCCC(=O)[O-]
decanoyl-CoA	CCCCCCCCCC(=O)SCCNC(=O)CCNC(=O)C(C(C)(C)COP(=O)(O)OP(=O)(O)OCC1C(C(C(O1)N2C=NC3=C(N=CN=C32)N)O)OP(=O)(O)O)O
decaprenyl diphosphate	CC(=CCCC(=CCCC(=CCCC(=CCCC(=CCCC(=CCCC(=CCCC(=CCCC(=CCCC(=CCOP(=O)(O)OP(=O)(O)O)C)C)C)C)C)C)C)C)C)C
dehydro-D-arabinono-1,4-lactone	C(C1C(=C(C(=O)O1)O)O)O
dehydroascorbate	C(C(C1C(=O)C(=O)C(=O)O1)O)O
deoxycytidine	C1C(C(OC1N2C=CC(=NC2=O)N)CO)O
dethiobiotin	CC1C(NC(=O)N1)CCCCCC(=O)O
diacetyl	CC(=O)C(=O)C
diglyceride (1-16:0, 2-16:1)	
diglyceride (1-16:0, 2-18:1)	
diglyceride (1-16:1, 2-16:1)	
diglyceride (1-16:1, 2-18:1)	
diglyceride (1-18:0, 2-16:1)	
diglyceride (1-18:0, 2-18:1)	
diglyceride (1-18:1, 2-16:1)	
diglyceride (1-18:1, 2-18:1)	
diglyceride backbone	
dihydrofolic acid	C1C(=NC2=C(N1)N=C(NC2=O)N)CNC3=CC=C(C=C3)C(=O)NC(CCC(=O)O)C(=O)O
dihydrolipoamide	C(CCC(=O)N)CC(CCS)S
dihydrolipoylprotein	
dihydroxyacetone phosphate	C(C(=O)COP(=O)(O)O)O
diphosphate	
docosanoyl-CoA	CCCCCCCCCCCCCCCCCCCCCC(=O)SCCNC(=O)CCNC(=O)C(C(C)(C)COP(=O)(O)OP(=O)(O)OCC1C(C(C(O1)N2C=NC3=C(N=CN=C32)N)O)OP(=O)(O)O)O
docosaprenyl diphosphate	CC(=CCCC(=CCCC(=CCCC(=CCCC(=CCCC(=CCCC(=CCCC(=CCCC(=CCCC(=CCCC(=CCCC(=CCCC(=CCCC(=CCCC(=CCCC(=CCCC(=CCCC(=CCCC(=CCCC(=CCCC(=CCCC(=CCOP(=O)(O)OP(=O)(O)O)C)C)C)C)C)C)C)C)C)C)C)C)C)C)C)C)C)C)C)C)C)C
dodecaprenyl diphosphate	CC(=CCCC(=CCCC(=CCCC(=CCCC(=CCCC(=CCCC(=CCCC(=CCCC(=CCCC(=CCCC(=CCCC(=CCOP(=O)(O)OP(=O)(O)O)C)C)C)C)C)C)C)C)C)C)C)C
dolichol	
dolichyl D-mannosyl phosphate	CC(CCC=C(C)CCC=C(C)CCC=C(C)CCC=C(C)C)CCOP(=O)(O)OC1C(C(C(C(O1)CO)O)O)O
dolichyl phosphate	CC(CCC=C(C)CCC=C(C)CCC=C(C)CCC=C(C)C)CCOP(=O)(O)O
episterol	CC(C)C(=C)CCC(C)C1CCC2C1(CCC3C2=CCC4C3(CCC(C4)O)C)C
episteryl oleate	CCCCCCCCC=CCCCCCCCC(=O)OC1CCC2(C3CCC4(C(C3=CCC2C1)CCC4C(C)CCC(=C)C(C)C)C)C
episteryl palmitoleate	CCCCCCC=CCCCCCCCC(=O)OC1CCC2(C3CCC4(C(C3=CCC2C1)CCC4C(C)CCC(=C)C(C)C)C)C
ergosta-5,7,22,24(28)-tetraen-3beta-ol	CC(C)C(=C)C=CC(C)C1CCC2C1(CCC3C2=CC=C4C3(CCC(C4)O)C)C
ergosta-5,7,24(28)-trien-3beta-ol	CC(C)C(=C)CCC(C)C1CCC2C1(CCC3C2=CC=C4C3(CCC(C4)O)C)C
ergosterol	CC(C)C(C)C=CC(C)C1CCC2C1(CCC3C2=CC=C4C3(CCC(C4)O)C)C
ergosterol 3-beta-D-glucoside	
ergosterol ester backbone	
ergosteryl oleate	CCCCCCCCC=CCCCCCCCC(=O)OC1CCC2(C3CCC4(C(C3=CC=C2C1)CCC4C(C)C=CC(C)C(C)C)C)C
ergosteryl palmitoleate	CCCCCCC=CCCCCCCCC(=O)OC1CCC2(C3CCC4(C(C3=CC=C2C1)CCC4C(C)C=CC(C)C(C)C)C)C
erythro-4-hydroxy-L-glutamic acid	C(C(C(=O)O)N)C(C(=O)O)O
ethanol	CCO
ethanolamine	C(CO)N
ethyl acetate	CCOC(=O)C
ethyl butanoate	CCCC(=O)OCC
ethyl decanoate	CCCCCCCCCC(=O)OCC
ethyl hexanoate	CCCCCC(=O)OCC
ethyl octanoate	CCCCCCCC(=O)OCC
ethyl propionate	CCC(=O)OCC
fMet-tRNA(fMet)	
farnesyl diphosphate	CC(=CCCC(=CCCC(=CCOP(=O)(O)OP(=O)(O)O)C)C)C
fatty acid backbone	
fecosterol	CC(C)C(=C)CCC(C)C1CCC2C1(CCC3=C2CCC4C3(CCC(C4)O)C)C
fecosteryl oleate	CCCCCCCCC=CCCCCCCCC(=O)OC1CCC2(C(C1)CCC3=C2CCC4(C3CCC4C(C)CCC(=C)C(C)C)C)C
fecosteryl palmitoleate	CCCCCCC=CCCCCCCCC(=O)OC1CCC2(C(C1)CCC3=C2CCC4(C3CCC4C(C)CCC(=C)C(C)C)C)C
ferricytochrome c	
ferrocytochrome c	
ferroheme b	CC1=C(C2=CC3=NC(=CC4=C(C(=C([N-]4)C=C5C(=C(C(=N5)C=C1[N-]2)C=C)C)C=C)C)C(=C3CCC(=O)O)C)CCC(=O)O.[Fe]
folate	C1=CC(=CC=C1C(=O)NC(CCC(=O)O)C(=O)O)NCC2=CN=C3C(=N2)C(=O)NC(=N3)N
formaldehyde	C=O
formate	C(=O)[O-]
fumarate	C(=CC(=O)[O-])C(=O)[O-]
gamma-aminobutyrate	C(CC(=O)O)CN
generic protein	
geranyl diphosphate	CC(=CCCC(=CCOP(=O)(O)OP(=O)(O)O)C)C
geranylgeranyl diphosphate	CC(=CCCC(=CCCC(=CCCC(=CCOP(=O)(O)OP(=O)(O)O)C)C)C)C
glutathione	C(CC(=O)NC(CS)C(=O)NCC(=O)O)C(C(=O)O)N
glutathione disulfide	C(CC(=O)NC(CSSCC(C(=O)NCC(=O)O)NC(=O)CCC(C(=O)O)N)C(=O)NCC(=O)O)C(C(=O)O)N
glyceraldehyde 3-phosphate	C(C(C=O)O)OP(=O)(O)O
glycerol	C(C(CO)O)O
glycerol 1-phosphate	C(C(COP(=O)(O)O)O)O
glycerol 2-phosphate(2-)	C(C(CO)OP(=O)([O-])[O-])O
glycerol 3-phosphate	C(C(COP(=O)(O)O)O)O
glycerone	C(C(=O)CO)O
glycogen	C(C1C(C(C(C(O1)OCC2C(C(C(C(O2)OC3C(OC(C(C3O)O)O)CO)O)O)OC4C(C(C(C(O4)CO)O)O)O)O)O)O)O
glycolaldehyde	C(C=O)O
glycolate	C(C(=O)O)O
glyoxylate	C(=O)C(=O)[O-]
guanine	C1=NC2=C(N1)C(=O)NC(=N2)N
guanosine	C1=NC2=C(N1C3C(C(C(O3)CO)O)O)N=C(NC2=O)N
guanosine 2'-monophosphate	C1=NC2=C(N1C3C(C(C(O3)CO)O)OP(=O)(O)O)N=C(NC2=O)N
heme a	CC1=C(C2=CC3=NC(=CC4=C(C(=C([N-]4)C=C5C(=C(C(=N5)C=C1[N-]2)C(CCC=C(C)CCC=C(C)CCC=C(C)C)O)C)C=O)CCC(=O)O)C(=C3C)CCC(=O)O)C=C.[Fe]
heme o	CC1=C(C2=CC3=NC(=CC4=C(C(=C([N-]4)C=C5C(=C(C(=N5)C=C1[N-]2)C=C)C)C(CCC=C(C)CCC=C(C)CCC=C(C)C)O)C)C(=C3CCC(=O)O)C)CCC(=O)O.[Fe+2]
henicosaprenyl diphosphate	CC(=CCCC(=CCCC(=CCCC(=CCCC(=CCCC(=CCCC(=CCCC(=CCCC(=CCCC(=CCCC(=CCCC(=CCCC(=CCCC(=CCCC(=CCCC(=CCCC(=CCCC(=CCCC(=CCCC(=CCCC(=CCOP(=O)(O)OP(=O)(O)O)C)C)C)C)C)C)C)C)C)C)C)C)C)C)C)C)C)C)C)C)C
heptadecaprenyl diphosphate	CC(=CCCC(=CCCC(=CCCC(=CCCC(=CCCC(=CCCC(=CCCC(=CCCC(=CCCC(=CCCC(=CCCC(=CCCC(=CCCC(=CCCC(=CCCC(=CCCC(=CCOP(=O)(O)OP(=O)(O)O)C)C)C)C)C)C)C)C)C)C)C)C)C)C)C)C)C
heptaprenyl diphosphate	CC(=CCCC(=CCCC(=CCCC(=CCCC(=CCCC(=CCCC(=CCOP(=O)(O)OP(=O)(O)O)C)C)C)C)C)C)C
hexacosanoyl-CoA	CCCCCCCCCCCCCCCCCCCCCCCCCC(=O)SCCNC(=O)CCNC(=O)C(C(C)(C)COP(=O)(O)OP(=O)(O)OCC1C(C(C(O1)N2C=NC3=C(N=CN=C32)N)O)OP(=O)(O)O)O
hexadec-2-enoyl-CoA	CCCCCCCCCCCCCC=CC(=O)SCCNC(=O)CCNC(=O)C(C(C)(C)COP(=O)(O)OP(=O)(O)OCC1C(C(C(O1)N2C=NC3=C(N=CN=C32)N)O)OP(=O)(O)O)O
hexadecanal	CCCCCCCCCCCCCCCC=O
hexadecaprenyl diphosphate	CC(=CCCC(=CCCC(=CCCC(=CCCC(=CCCC(=CCCC(=CCCC(=CCCC(=CCCC(=CCCC(=CCCC(=CCCC(=CCCC(=CCCC(=CCCC(=CCOP(=O)(O)OP(=O)(O)O)C)C)C)C)C)C)C)C)C)C)C)C)C)C)C)C
hexanoate	CCCCCC(=O)[O-]
hexanol	CCCCCCO
hexanoyl-ACP	
hexanoyl-CoA	CCCCCC(=O)SCCNC(=O)CCNC(=O)C(C(C)(C)COP(=O)(O)OP(=O)(O)OCC1C(C(C(O1)N2C=NC3=C(N=CN=C32)N)O)OP(=O)(O)O)O
hexaprenyl diphosphate	CC(=CCCC(=CCCC(=CCCC(=CCCC(=CCCC(=CCOP(=O)(O)OP(=O)(O)O)C)C)C)C)C)C
hexyl acetate	CCCCCCOC(=O)C
homocitrate	C(CC(CC(=O)O)(C(=O)O)O)C(=O)O
homogentisate	C1=CC(=C(C=C1O)CC(=O)O)O
homoisocitrate	C(CC(=O)O)C(C(C(=O)O)O)C(=O)O
hydrogen cyanide	C#N
hydrogen peroxide	OO
hydrogen sulfide	S
hypotaurine	C(CS(=O)O)N
hypoxanthine	C1=NC2=C(N1)C(=O)NC=N2
icosanoyl-CoA	CCCCCCCCCCCCCCCCCCCC(=O)SCCNC(=O)CCNC(=O)C(C(C)(C)COP(=O)(O)OP(=O)(O)OCC1C(C(C(O1)N2C=NC3=C(N=CN=C32)N)O)OP(=O)(O)O)O
icosaprenyl diphosphate	CC(=CCCC(=CCCC(=CCCC(=CCCC(=CCCC(=CCCC(=CCCC(=CCCC(=CCCC(=CCCC(=CCCC(=CCCC(=CCCC(=CCCC(=CCCC(=CCCC(=CCCC(=CCCC(=CCCC(=CCOP(=O)(O)OP(=O)(O)O)C)C)C)C)C)C)C)C)C)C)C)C)C)C)C)C)C)C)C)C
indol-3-ylacetaldehyde	C1=CC=C2C(=C1)C(=CN2)CC=O
indole-3-acetate	C1=CC=C2C(=C1)C(=CN2)CC(=O)[O-]
indole-3-pyruvate	C1=CC=C2C(=C1)C(=CN2)CC(=O)C(=O)O
inosine	C1=NC2=C(C(=O)N1)N=CN2C3C(C(C(O3)CO)O)O
inositol phosphomannosylinositol phosphoceramide A (C24)	CCCCCCCCCCCCCCCCCCCCCCCC(=O)NC(COP(=O)(O)OC1C(C(C(C(C1OC2C(C(C(C(O2)COP(=O)(O)OC3C(C(C(C(C3O)O)O)O)O)O)O)O)O)O)O)O)C(CCCCCCCCCCCCCCC)O
inositol phosphomannosylinositol phosphoceramide A (C26)	CCCCCCCCCCCCCCCCCCCCCCCCCC(=O)NC(COP(=O)(O)OC1C(C(C(C(C1OC2C(C(C(C(O2)COP(=O)(O)OC3C(C(C(C(C3O)O)O)O)O)O)O)O)O)O)O)O)C(CCCCCCCCCCCCCCCCC)O
inositol phosphomannosylinositol phosphoceramide B (C24)	CCCCCCCCCCCCCCCCCCCCCCCC(=O)NC(COP(=O)(O)OC1C(C(C(C(C1OC2C(C(C(C(O2)COP(=O)(O)OC3C(C(C(C(C3O)O)O)O)O)O)O)O)O)O)O)O)C(C(CCCCCCCCCCCCCC)O)O
inositol phosphomannosylinositol phosphoceramide B (C26)	CCCCCCCCCCCCCCCCCCCCCCCCCC(=O)NC(COP(=O)(O)OC1C(C(C(C(C1OC2C(C(C(C(O2)COP(=O)(O)OC3C(C(C(C(C3O)O)O)O)O)O)O)O)O)O)O)O)C(C(CCCCCCCCCCCCCCCC)O)O
inositol phosphomannosylinositol phosphoceramide B' (C24)	CCCCCCCCCCCCCCCCCCCCCCC(C(=O)NC(COP(=O)(O)OC1C(C(C(C(C1OC2C(C(C(C(O2)COP(=O)(O)OC3C(C(C(C(C3O)O)O)O)O)O)O)O)O)O)O)O)C(CCCCCCCCCCCCCCC)O)O
inositol phosphomannosylinositol phosphoceramide B' (C26)	CCCCCCCCCCCCCCCCCCCCCCCCC(C(=O)NC(COP(=O)(O)OC1C(C(C(C(C1OC2C(C(C(C(O2)COP(=O)(O)OC3C(C(C(C(C3O)O)O)O)O)O)O)O)O)O)O)O)C(CCCCCCCCCCCCCCCCC)O)O
inositol phosphomannosylinositol phosphoceramide C (C24)	CCCCCCCCCCCCCCCCCCCCCCC(C(=O)NC(COP(=O)(O)OC1C(C(C(C(C1OC2C(C(C(C(O2)COP(=O)(O)OC3C(C(C(C(C3O)O)O)O)O)O)O)O)O)O)O)O)C(C(CCCCCCCCCCCCCC)O)O)O
inositol phosphomannosylinositol phosphoceramide C (C26)	CCCCCCCCCCCCCCCCCCCCCCCCC(C(=O)NC(COP(=O)([O-])OC1C(C(C(C(C1OC2C(C(C(C(O2)COP(=O)([O-])OC3C(C(C(C(C3O)O)O)O)O)O)O)O)O)O)O)O)C(C(CCCCCCCCCCCCCC)O)O)O
inositol phosphomannosylinositol phosphoceramide D (C24)	CCCCCCCCCCCCCCCCCCCCCC(C(C(=O)NC(COP(=O)(O)OC1C(C(C(C(C1OC2C(C(C(C(O2)COP(=O)(O)OC3C(C(C(C(C3O)O)O)O)O)O)O)O)O)O)O)O)C(C(CCCCCCCCCCCCCC)O)O)O)O
inositol phosphomannosylinositol phosphoceramide D (C26)	CCCCCCCCCCCCCCCCCCCCCCCC(C(C(=O)NC(COP(=O)(O)OC1C(C(C(C(C1OC2C(C(C(C(O2)COP(=O)(O)OC3C(C(C(C(C3O)O)O)O)O)O)O)O)O)O)O)O)C(C(CCCCCCCCCCCCCCCC)O)O)O)O
inositol phosphomannosylinositol phosphoceramide backbone	
inositol-P-ceramide A (C24)	CCCCCCCCCCCCCCCCCCCCCCCC(=O)NC(COP(=O)([O-])OC1C(C(C(C(C1O)O)O)O)O)C(CCCCCCCCCCCCCCC)O
inositol-P-ceramide A (C26)	CCCCCCCCCCCCCCCCCCCCCCCCCC(=O)NC(COP(=O)(O)OC1C(C(C(C(C1O)O)O)O)O)C(CCCCCCCCCCCCCCC)O
inositol-P-ceramide B (C24)	CCCCCCCCCCCCCCCCCCCCCCCC(=O)NC(COP(=O)(O)OC1C(C(C(C(C1O)O)O)O)O)C(C(CCCCCCCCCCCCCC)O)O
inositol-P-ceramide B (C26)	CCCCCCCCCCCCCCCCCCCCCCCCCC(=O)NC(COP(=O)(O)OC1C(C(C(C(C1O)O)O)O)O)C(C(CCCCCCCCCCCCCC)O)O
inositol-P-ceramide B' (C24)	CCCCCCCCCCCCCCCCCCCCCCC(C(=O)NC(COP(=O)(O)OC1C(C(C(C(C1O)O)O)O)O)C(CCCCCCCCCCCCCCC)O)O
inositol-P-ceramide B' (C26)	CCCCCCCCCCCCCCCCCCCCCCCCC(C(=O)NC(COP(=O)(O)OC1C(C(C(C(C1O)O)O)O)O)C(CCCCCCCCCCCCCCC)O)O
inositol-P-ceramide C (C24)	CCCCCCCCCCCCCCCCCCCCCCC(C(=O)NC(COP(=O)(O)OC1C(C(C(C(C1O)O)O)O)O)C(C(CCCCCCCCCCCCCC)O)O)O
inositol-P-ceramide C (C26)	CCCCCCCCCCCCCCCCCCCCCCCCC(C(=O)NC(COP(=O)(O)OC1C(C(C(C(C1O)O)O)O)O)C(C(CCCCCCCCCCCCCC)O)O)O
inositol-P-ceramide D (C24)	CCCCCCCCCCCCCCCCCCCCCC(C(C(=O)NC(COP(=O)([O-])OC1C(C(C(C(C1O)O)O)O)O)C(C(CCCCCCCCCCCCCC)O)O)O)O
inositol-P-ceramide D (C26)	CCCCCCCCCCCCCCCCCCCCCCCC(C(C(=O)NC(COP(=O)([O-])OC1C(C(C(C(C1O)O)O)O)O)C(C(CCCCCCCCCCCCCC)O)O)O)O
inositol-P-ceramide backbone	
ion	
iron(2+)	[Fe+2]
iron(3+)	[Fe+3]
isoamyl acetate	CC(C)CCOC(=O)C
isoamylol	CC(C)CCO
isobutanol	CC(C)CO
isobutyl acetate	CC(C)COC(=O)C
isobutyraldehyde	CC(C)C=O
isocitrate	C(C(C(C(=O)O)O)C(=O)O)C(=O)O
isopentenyl diphosphate	CC(=C)CCOP(=O)(O)OP(=O)(O)O
itaconate	C=C(CC(=O)O)C(=O)O
itaconyl-CoA	CC(C)(COP(=O)(O)OP(=O)(O)OCC1C(C(C(O1)N2C=NC3=C(N=CN=C32)N)O)OP(=O)(O)O)C(C(=O)NCCC(=O)NCCSC(=O)CC(=C)C(=O)O)O
keto-phenylpyruvate	C1=CC=C(C=C1)CC(=O)C(=O)[O-]
kynurenic acid	C1=CC=C2C(=C1)C(=O)C=C(N2)C(=O)O
lanosterol	CC(CCC=C(C)C)C1CCC2(C1(CCC3=C2CCC4C3(CCC(C4(C)C)O)C)C)C
lanosteryl oleate	CCCCCCCCC=CCCCCCCCC(=O)OC1CCC2(C(C1(C)C)CCC3=C2CCC4(C3(CCC4C(C)CCC=C(C)C)C)C)C
lanosteryl palmitoleate	CCCCCCC=CCCCCCCCC(=O)OC1CCC2(C(C1(C)C)CCC3=C2CCC4(C3(CCC4C(C)CCC=C(C)C)C)C)C
laurate	CCCCCCCCCCCC(=O)[O-]
lauroyl-CoA	CCCCCCCCCCCC(=O)SCCNC(=O)CCNC(=O)C(C(C)(C)COP(=O)(O)OP(=O)(O)OCC1C(C(C(O1)N2C=NC3=C(N=CN=C32)N)O)OP(=O)(O)O)O
leukotriene A4	CCCCCC=CCC=CC=CC=CC1C(O1)CCCC(=O)O
leukotriene B4	CCCCCC=CCC(C=CC=CC=CC(CCCC(=O)O)O)O
lignoceric acid	CCCCCCCCCCCCCCCCCCCCCCCC(=O)O
lipid	
lipid backbone	
lipid chain	
lipoamide	C1CSSC1CCCCC(=O)N
lipoylprotein	
long-chain base backbone	
long-chain base phosphate backbone	
malonyl-CoA	CC(C)(COP(=O)(O)OP(=O)(O)OCC1C(C(C(O1)N2C=NC3=C(N=CN=C32)N)O)OP(=O)(O)O)C(C(=O)NCCC(=O)NCCSC(=O)CC(=O)O)O
maltose	C(C1C(C(C(C(O1)OC2C(OC(C(C2O)O)O)CO)O)O)O)O
mannan	C(C1C(C(C(C(O1)OC2C(OC(C(C2O)O)OC3C(OC(C(C3O)O)OC4C(OC(C(C4O)O)O)CO)CO)CO)O)O)O)O
mannose-(1D-myo-inositol 1-phosphate)2	C(C1C(C(C(C(O1)OC2C(C(C(C(C2OP(=O)(O)O)O)O)O)O)O)O)O)OP(=O)(O)OC3C(C(C(C(C3O)O)O)O)O
mannose-1D-myo-inositol 1-phosphate	C(C1C(C(C(C(O1)OC2C(C(C(C(C2OP(=O)(O)O)O)O)O)O)O)O)O)O
mannosylinositol phosphorylceramide A (C24)	CCCCCCCCCCCCCCCCCCCCCCCC(=O)NC(COP(=O)(O)OC1C(C(C(C(C1OC2C(C(C(C(O2)CO)O)O)O)O)O)O)O)C(CCCCCCCCCCCCCCC)O
mannosylinositol phosphorylceramide A (C26)	CCCCCCCCCCCCCCCCCCCCCCCCCC(=O)NC(COP(=O)(O)OC1C(C(C(C(C1OC2C(C(C(C(O2)CO)O)O)O)O)O)O)O)C(CCCCCCCCCCCCCCCCC)O
mannosylinositol phosphorylceramide B (C24)	CCCCCCCCCCCCCCCCCCCCCCCC(=O)NC(COP(=O)(O)OC1C(C(C(C(C1OC2C(C(C(C(O2)CO)O)O)O)O)O)O)O)C(C(CCCCCCCCCCCCCC)O)O
mannosylinositol phosphorylceramide B (C26)	CCCCCCCCCCCCCCCCCCCCCCCCCC(=O)NC(COP(=O)(O)OC1C(C(C(C(C1OC2C(C(C(C(O2)CO)O)O)O)O)O)O)O)C(C(CCCCCCCCCCCCCCCC)O)O
mannosylinositol phosphorylceramide B' (C24)	CCCCCCCCCCCCCCCCCCCCCCC(C(=O)NC(COP(=O)(O)OC1C(C(C(C(C1OC2C(C(C(C(O2)CO)O)O)O)O)O)O)O)C(CCCCCCCCCCCCCCC)O)O
mannosylinositol phosphorylceramide B' (C26)	CCCCCCCCCCCCCCCCCCCCCCCCC(C(=O)NC(COP(=O)(O)OC1C(C(C(C(C1OC2C(C(C(C(O2)CO)O)O)O)O)O)O)O)C(CCCCCCCCCCCCCCCCC)O)O
mannosylinositol phosphorylceramide C (C24)	CCCCCCCCCCCCCCCCCCCCCCC(C(=O)NC(COP(=O)(O)OC1C(C(C(C(C1OC2C(C(C(C(O2)CO)O)O)O)O)O)O)O)C(C(CCCCCCCCCCCCCC)O)O)O
mannosylinositol phosphorylceramide C (C26)	CCCCCCCCCCCCCCCCCCCCCCCCC(C(=O)NC(COP(=O)(O)OC1C(C(C(C(C1OC2C(C(C(C(O2)CO)O)O)O)O)O)O)O)C(C(CCCCCCCCCCCCCCCC)O)O)O
mannosylinositol phosphorylceramide D (C24)	CCCCCCCCCCCCCCCCCCCCCC(C(C(=O)NC(COP(=O)(O)OC1C(C(C(C(C1OC2C(C(C(C(O2)CO)O)O)O)O)O)O)O)C(C(CCCCCCCCCCCCCC)O)O)O)O
mannosylinositol phosphorylceramide D (C26)	CCCCCCCCCCCCCCCCCCCCCCCC(C(C(=O)NC(COP(=O)(O)OC1C(C(C(C(C1OC2C(C(C(C(O2)CO)O)O)O)O)O)O)O)C(C(CCCCCCCCCCCCCCCC)O)O)O)O
mannosylinositol phosphorylceramide backbone	
melibiose	C(C1C(C(C(C(O1)OCC2C(C(C(C(O2)O)O)O)O)O)O)O)O
methanethiol	CS
methanol	CO
methional	CSCCC=O
methionol	CSCCCO
methionyl acetate	CC(=O)OC(=O)C(CCSC)N
methyl alpha-D-glucopyranoside	COC1C(C(C(C(O1)CO)O)O)O
methylglyoxal	CC(=O)C=O
monolysocardiolipin (1-16:0, 2-16:1, 4-16:1)	
monolysocardiolipin (1-16:0, 2-16:1, 4-18:1)	
monolysocardiolipin (1-16:0, 2-18:1, 4-16:1)	
monolysocardiolipin (1-16:0, 2-18:1, 4-18:1)	
monolysocardiolipin (1-16:1, 2-16:1, 4-16:1)	
monolysocardiolipin (1-16:1, 2-16:1, 4-18:1)	
monolysocardiolipin (1-16:1, 2-18:1, 4-16:1)	
monolysocardiolipin (1-16:1, 2-18:1, 4-18:1)	
monolysocardiolipin (1-18:0, 2-16:1, 4-16:1)	
monolysocardiolipin (1-18:0, 2-16:1, 4-18:1)	
monolysocardiolipin (1-18:1, 2-16:1, 4-16:1)	
monolysocardiolipin (1-18:1, 2-16:1, 4-18:1)	
monolysocardiolipin (2-16:1, 3-16:0, 4-16:1)	
monolysocardiolipin (2-16:1, 3-16:0, 4-18:1)	
monolysocardiolipin (2-16:1, 3-16:1, 4-16:1)	
monolysocardiolipin (2-16:1, 3-16:1, 4-18:1)	
monolysocardiolipin (2-16:1, 3-18:0, 4-16:1)	
monolysocardiolipin (2-16:1, 3-18:1, 4-16:1)	
monolysocardiolipin (2-18:1, 3-16:0, 4-16:1)	
monolysocardiolipin (2-18:1, 3-16:0, 4-18:1)	
monolysocardiolipin (2-18:1, 3-16:1, 4-16:1)	
monolysocardiolipin (2-18:1, 3-16:1, 4-18:1)	
monolysocardiolipin (2-18:1, 3-18:0, 4-16:1)	
monolysocardiolipin (2-18:1, 3-18:1, 4-16:1)	
myo-inositol	C1(C(C(C(C(C1O)O)O)O)O)O
myo-inositol 1,3,4,5,6-pentakisphosphate	C1(C(C(C(C(C1OP(=O)(O)O)OP(=O)(O)O)OP(=O)(O)O)OP(=O)(O)O)OP(=O)(O)O)O
myo-inositol hexakisphosphate	C1(C(C(C(C(C1OP(=O)(O)O)OP(=O)(O)O)OP(=O)(O)O)OP(=O)(O)O)OP(=O)(O)O)OP(=O)(O)O
myristate	CCCCCCCCCCCCCC(=O)O
myristoyl-CoA	CCCCCCCCCCCCCC(=O)SCCNC(=O)CCNC(=O)C(C(C)(C)COP(=O)(O)OP(=O)(O)OCC1C(C(C(O1)N2C=NC3=C(N=CN=C32)N)O)OP(=O)(O)O)O
nicotinamide	C1=CC(=CN=C1)C(=O)N
nicotinamide riboside	C1=CC(=C[N+](=C1)C2C(C(C(O2)CO)O)O)C(=O)N
nicotinate	C1=CC(=CN=C1)C(=O)[O-]
nicotinic acid D-ribonucleotide	C1=CC(=C[N+](=C1)C2C(C(C(O2)COP(=O)(O)O)O)O)C(=O)O
nitrate	[N+](=O)([O-])[O-]
nitric oxide	[N]=O
non glycosylated sugar acceptor	
nonadecaprenyl diphosphate	CC(=CCCC(=CCCC(=CCCC(=CCCC(=CCCC(=CCCC(=CCCC(=CCCC(=CCCC(=CCCC(=CCCC(=CCCC(=CCCC(=CCCC(=CCCC(=CCCC(=CCCC(=CCCC(=CCOP(=O)(O)OP(=O)(O)O)C)C)C)C)C)C)C)C)C)C)C)C)C)C)C)C)C)C)C
nonaprenyl 4-hydroxybenzoate	CC(=CCCC(=CCCC(=CCCC(=CCCC(=CCCC(=CCCC(=CCCC(=CCCC(=CCOC(=O)C1=CC=C(C=C1)O)C)C)C)C)C)C)C)C)C
nonaprenyl diphosphate	CC(=CCCC(=CCCC(=CCCC(=CCCC(=CCCC(=CCCC(=CCCC(=CCCC(=CCOP(=O)(O)OP(=O)(O)O)C)C)C)C)C)C)C)C)C
octadecaprenyl diphosphate	CC(=CCCC(=CCCC(=CCCC(=CCCC(=CCCC(=CCCC(=CCCC(=CCCC(=CCCC(=CCCC(=CCCC(=CCCC(=CCCC(=CCCC(=CCCC(=CCCC(=CCCC(=CCOP(=O)(O)OP(=O)(O)O)C)C)C)C)C)C)C)C)C)C)C)C)C)C)C)C)C)C
octanoate	CCCCCCCC(=O)[O-]
octanoyl-ACP	
octanoyl-CoA	CCCCCCCC(=O)SCCNC(=O)CCNC(=O)C(C(C)(C)COP(=O)(O)OP(=O)(O)OCC1C(C(C(O1)N2C=NC3=C(N=CN=C32)N)O)OP(=O)(O)O)O
octaprenyl diphosphate	CC(=CCCC(=CCCC(=CCCC(=CCCC(=CCCC(=CCCC(=CCCC(=CCOP(=O)(O)OP(=O)(O)O)C)C)C)C)C)C)C)C
oleate	CCCCCCCCC=CCCCCCCCC(=O)O
oleoyl-CoA	CCCCCCCCC=CCCCCCCCC(=O)SCCNC(=O)CCNC(=O)C(C(C)(C)COP(=O)(O)OP(=O)(O)OCC1C(C(C(O1)N2C=NC3=C(N=CN=C32)N)O)OP(=O)(O)O)O
ornithine	C(CC(C(=O)O)N)CN
orotate	C1=C(NC(=O)NC1=O)C(=O)[O-]
orotidine 5'-(dihydrogen phosphate)	C1=C(N(C(=O)NC1=O)C2C(C(C(O2)COP(=O)(O)O)O)O)C(=O)O
oxaloacetate	C(C(=O)C(=O)O)C(=O)O
oxygen	O=O
p-cumic aldehyde	CC(C)C1=CC=C(C=C1)C=O
palmitate	CCCCCCCCCCCCCCCC(=O)O
palmitoleate	CCCCCCC=CCCCCCCCC(=O)[O-]
palmitoleoyl-CoA(4-)	CCCCCCC=CCCCCCCCC(=O)SCCNC(=O)CCNC(=O)C(C(C)(C)COP(=O)([O-])OP(=O)([O-])OCC1C(C(C(O1)N2C=NC3=C(N=CN=C32)N)O)OP(=O)([O-])[O-])O
palmitoyl-CoA	CCCCCCCCCCCCCCCC(=O)SCCNC(=O)CCNC(=O)C(C(C)(C)COP(=O)(O)OP(=O)(O)OCC1C(C(C(O1)N2C=NC3=C(N=CN=C32)N)O)OP(=O)(O)O)O
pantetheine 4'-phosphate	CC(C)(COP(=O)(O)O)C(C(=O)NCCC(=O)NCCS)O
pectin	C1(C(C(OC(C1O)O)C(=O)O)O)O
pentadecaprenyl diphosphate	CC(=CCCC(=CCCC(=CCCC(=CCCC(=CCCC(=CCCC(=CCCC(=CCCC(=CCCC(=CCCC(=CCCC(=CCCC(=CCCC(=CCCC(=CCOP(=O)(O)OP(=O)(O)O)C)C)C)C)C)C)C)C)C)C)C)C)C)C)C
pentaprenyl diphosphate	CC(=CCCC(=CCCC(=CCCC(=CCCC(=CCOP(=O)(O)OP(=O)(O)O)C)C)C)C)C
phenethyl acetate	CC(=O)OCCC1=CC=CC=C1
phenylacetaldehyde	C1=CC=C(C=C1)CC=O
phenylacetic acid	C1=CC=C(C=C1)CC(=O)O
phosphate	[O-]P(=O)([O-])[O-]
phosphatidate	
phosphatidate (1-16:0, 2-16:1)	
phosphatidate (1-16:0, 2-18:1)	
phosphatidate (1-16:1, 2-16:1)	
phosphatidate (1-16:1, 2-18:1)	
phosphatidate (1-18:0, 2-16:1)	
phosphatidate (1-18:0, 2-18:1)	
phosphatidate (1-18:1, 2-16:1)	
phosphatidate (1-18:1, 2-18:1)	
phosphatidate backbone	
phosphatidyl-L-serine (1-16:0, 2-16:1)	
phosphatidyl-L-serine (1-16:0, 2-18:1)	
phosphatidyl-L-serine (1-16:1, 2-16:1)	
phosphatidyl-L-serine (1-16:1, 2-18:1)	
phosphatidyl-L-serine (1-18:0, 2-16:1)	
phosphatidyl-L-serine (1-18:0, 2-18:1)	
phosphatidyl-L-serine (1-18:1, 2-16:1)	
phosphatidyl-L-serine (1-18:1, 2-18:1)	
phosphatidyl-L-serine backbone	
phosphatidyl-N,N-dimethylethanolamine (1-16:0, 2-16:1)	
phosphatidyl-N,N-dimethylethanolamine (1-16:0, 2-18:1)	
phosphatidyl-N,N-dimethylethanolamine (1-16:1, 2-16:1)	
phosphatidyl-N,N-dimethylethanolamine (1-16:1, 2-18:1)	
phosphatidyl-N,N-dimethylethanolamine (1-18:0, 2-16:1)	
phosphatidyl-N,N-dimethylethanolamine (1-18:0, 2-18:1)	
phosphatidyl-N,N-dimethylethanolamine (1-18:1, 2-16:1)	
phosphatidyl-N,N-dimethylethanolamine (1-18:1, 2-18:1)	
phosphatidyl-N-methylethanolamine (1-16:0, 2-16:1)	
phosphatidyl-N-methylethanolamine (1-16:0, 2-18:1)	
phosphatidyl-N-methylethanolamine (1-16:1, 2-16:1)	
phosphatidyl-N-methylethanolamine (1-16:1, 2-18:1)	
phosphatidyl-N-methylethanolamine (1-18:0, 2-16:1)	
phosphatidyl-N-methylethanolamine (1-18:0, 2-18:1)	
phosphatidyl-N-methylethanolamine (1-18:1, 2-16:1)	
phosphatidyl-N-methylethanolamine (1-18:1, 2-18:1)	
phosphatidylcholine (1-16:0, 2-16:1)	
phosphatidylcholine (1-16:0, 2-18:1)	
phosphatidylcholine (1-16:1, 2-16:1)	
phosphatidylcholine (1-16:1, 2-18:1)	
phosphatidylcholine (1-18:0, 2-16:1)	
phosphatidylcholine (1-18:0, 2-18:1)	
phosphatidylcholine (1-18:1, 2-16:1)	
phosphatidylcholine (1-18:1, 2-18:1)	
phosphatidylcholine backbone	
phosphatidylethanolamine (1-16:0, 2-16:1)	
phosphatidylethanolamine (1-16:0, 2-18:1)	
phosphatidylethanolamine (1-16:1, 2-16:1)	
phosphatidylethanolamine (1-16:1, 2-18:1)	
phosphatidylethanolamine (1-18:0, 2-16:1)	
phosphatidylethanolamine (1-18:0, 2-18:1)	
phosphatidylethanolamine (1-18:1, 2-16:1)	
phosphatidylethanolamine (1-18:1, 2-18:1)	
phosphatidylethanolamine backbone	
phosphatidylglycerol (1-16:0, 2-16:1)	
phosphatidylglycerol (1-16:0, 2-18:1)	
phosphatidylglycerol (1-16:1, 2-16:1)	
phosphatidylglycerol (1-16:1, 2-18:1)	
phosphatidylglycerol (1-18:0, 2-16:1)	
phosphatidylglycerol (1-18:1, 2-16:1)	
phosphatidylglycerol backbone	
phosphoenolpyruvate	C=C(C(=O)O)OP(=O)(O)O
phospholipid	
phosphoribosyl-carboxy-aminoimidazole	C1=NC(=C(N1C2C(C(C(O2)COP(=O)([O-])[O-])O)O)N)C(=O)[O-]
phosphoribosyl-formamido-carboxamide	
phytosphingosine	CCCCCCCCCCCCCCC(C(C(CO)N)O)O
phytosphingosine 1-phosphate	CCCCCCCCCCCCCCC(C(C(COP(=O)(O)O)N)O)O
pimeloyl-CoA	CC(C)(COP(=O)(O)OP(=O)(O)OCC1C(C(C(O1)N2C=NC3=C(N=CN=C32)N)O)OP(=O)(O)O)C(C(=O)NCCC(=O)NCCSC(=O)CCCCCC(=O)O)O
polyphosphate	
polysulphur	
porphobilinogen	C1=C(C(=C(N1)CN)CC(=O)O)CCC(=O)O
porphyrin	C1=CC2=CC3=CC=C(N3)C=C4C=CC(=N4)C=C5C=CC(=N5)C=C1N2
potassium	[K]
precorrin-2	CC1(C(C2=CC3=NC(=CC4=C(C(=C(N4)CC5=C(C(=C(N5)C=C1N2)CC(=O)O)CCC(=O)O)CCC(=O)O)CC(=O)O)C(C3(C)CC(=O)O)CCC(=O)O)CCC(=O)O)CC(=O)O
prenyl diphosphate(3-)	CC(=CCOP(=O)([O-])OP(=O)([O-])[O-])C
prephenate	C1=CC(C=CC1O)(CC(=O)C(=O)O)C(=O)O
preuroporphyrinogen	C1=C(C(=C(N1)CC2=C(C(=C(N2)CC3=C(C(=C(N3)CC4=C(C(=C(N4)CO)CC(=O)O)CCC(=O)O)CC(=O)O)CCC(=O)O)CC(=O)O)CCC(=O)O)CC(=O)O)CCC(=O)O
propanal	CCC=O
propanol	CCCO
propionate	CCC(=O)[O-]
propionyl-CoA	CCC(=O)SCCNC(=O)CCNC(=O)C(C(C)(C)COP(=O)(O)OP(=O)(O)OCC1C(C(C(O1)N2C=NC3=C(N=CN=C32)N)O)OP(=O)(O)O)O
propyl acetate	CCCOC(=O)C
protein	
protoporphyrin	CC1=C(C2=CC3=NC(=CC4=NC(=CC5=C(C(=C(N5)C=C1N2)C=C)C)C(=C4CCC(=O)O)C)C(=C3C)CCC(=O)O)C=C
protoporphyrinogen	CC1=C2CC3=C(C(=C(N3)CC4=C(C(=C(N4)CC5=C(C(=C(N5)CC(=C1CCC(=O)O)N2)CCC(=O)O)C)C=C)C)C=C)C
pseudouridine 5'-phosphate	C1=C(C(=O)NC(=O)N1)C2C(C(C(O2)COP(=O)(O)O)O)O
putrescine	C(CCN)CN
pyridoxal	CC1=NC=C(C(=C1O)C=O)CO
pyridoxal 5'-phosphate	CC1=NC=C(C(=C1O)C=O)COP(=O)(O)O
pyridoxamine	CC1=NC=C(C(=C1O)CN)CO
pyridoxamine 5'-phosphate	CC1=NC=C(C(=C1O)CN)COP(=O)(O)O
pyridoxine	CC1=NC=C(C(=C1O)CO)CO
pyridoxine 5'-phosphate	CC1=NC=C(C(=C1O)CO)COP(=O)(O)O
pyruvate	CC(=O)C(=O)[O-]
quinaldic acid	C1=CC=C2C(=C1)C=CC(=N2)C(=O)O
quinolinate	C1=CC(=C(N=C1)C(=O)O)C(=O)O
quinone	C1=CC(=O)C=CC1=O
raffinose	C(C1C(C(C(C(O1)OCC2C(C(C(C(O2)OC3(C(C(C(O3)CO)O)O)CO)O)O)O)O)O)O)O
riboflavin	CC1=CC2=C(C=C1C)N(C3=NC(=O)NC(=O)C3=N2)CC(C(C(CO)O)O)O
ribonucleoside 5'-phosphate	
ribonucleoside 5'-triphosphate	
ribose-5-phosphate	C(C(C(C(C=O)O)O)O)OP(=O)(O)O
sedoheptulose 1,7-bisphosphate	C(C(C(C(C(C(=O)COP(=O)(O)O)O)O)O)O)OP(=O)(O)O
sedoheptulose 7-phosphate	C(C(C(C(C(C(=O)CO)O)O)O)O)OP(=O)(O)O
shikimate	C1C(C(C(C=C1C(=O)O)O)O)O
siroheme	CC1(C(C2=CC3=NC(=CC4=C(C(=C([N-]4)C=C5C(C(C(=N5)C=C1[N-]2)CCC(=O)O)(C)CC(=O)O)CC(=O)O)CCC(=O)O)C(=C3CC(=O)O)CCC(=O)O)CCC(=O)O)CC(=O)O.[Fe+2]
sirohydrochlorin	CC1(C(C2=NC1=CC3=NC(=CC4=C(C(=C(N4)C=C5C(=C(C(=C2)N5)CC(=O)O)CCC(=O)O)CCC(=O)O)CC(=O)O)C(C3CCC(=O)O)(C)CC(=O)O)CCC(=O)O)CC(=O)O
sn-2-acyl-1-lysophosphatidylinositol (16:1)	
sn-2-acyl-1-lysophosphatidylinositol (18:1)	
sn-2-acyl-1-lysophosphatidylinositol backbone	
sn-glycero-3-phosphocholine	C[N+](C)(C)CCOP(=O)([O-])OCC(CO)O
sn-glycero-3-phosphoethanolamine	C(COP(=O)(O)OCC(CO)O)N
sn-glycero-3-phosphoserine	C(C(COP(=O)(O)OCC(C(=O)O)N)O)O
sodium	[Na]
spermidine	C(CCNCCCN)CN
spermine	C(CCNCCCN)CNCCCN
sphinganine	CCCCCCCCCCCCCCCC(C(CO)N)O
sphinganine 1-phosphate	CCCCCCCCCCCCCCCC(C(COP(=O)(O)O)N)O
squalene	CC(=CCCC(=CCCC(=CCCC=C(C)CCC=C(C)CCC=C(C)C)C)C)C
stachyose	C(C1C(C(C(C(O1)OCC2C(C(C(C(O2)OCC3C(C(C(C(O3)OC4(C(C(C(O4)CO)O)O)CO)O)O)O)O)O)O)O)O)O)O
stearate	CCCCCCCCCCCCCCCCCC(=O)[O-]
stearoyl-CoA	CCCCCCCCCCCCCCCCCC(=O)SCCNC(=O)CCNC(=O)C(C(C)(C)COP(=O)(O)OP(=O)(O)OCC1C(C(C(O1)N2C=NC3=C(N=CN=C32)N)O)OP(=O)(O)O)O
sterols	
succinate	C(CC(=O)[O-])C(=O)[O-]
succinic semialdehyde	C(CC(=O)O)C=O
succinyl-CoA	CC(C)(COP(=O)(O)OP(=O)(O)OCC1C(C(C(O1)N2C=NC3=C(N=CN=C32)N)O)OP(=O)(O)O)C(C(=O)NCCC(=O)NCCSC(=O)CCC(=O)O)O
sucrose	C(C1C(C(C(C(O1)OC2(C(C(C(O2)CO)O)O)CO)O)O)O)O
sulphate	[O-]S(=O)(=O)[O-]
sulphite	[O-]S(=O)[O-]
superoxide	[O-][O]
tRNA(Ala)	
tRNA(Arg)	
tRNA(Asn)	
tRNA(Asp)	
tRNA(Cys)	
tRNA(Gln)	
tRNA(Glu)	
tRNA(Gly)	
tRNA(His)	
tRNA(Ile)	
tRNA(Leu)	
tRNA(Lys)	
tRNA(Met)	
tRNA(Phe)	
tRNA(Pro)	
tRNA(Ser)	
tRNA(Thr)	
tRNA(Trp)	
tRNA(Tyr)	
tRNA(Val)	
taurine	C(CS(=O)(=O)O)N
taurocholate	CC(CCC(=O)NCCS(=O)(=O)O)C1CCC2C1(C(CC3C2C(CC4C3(CCC(C4)O)C)O)O)C
taurocholic acid	CC(CCC(=O)NCCS(=O)(=O)O)C1CCC2C1(C(CC3C2C(CC4C3(CCC(C4)O)C)O)O)C
tetracosanoyl-CoA	CCCCCCCCCCCCCCCCCCCCCCCC(=O)SCCNC(=O)CCNC(=O)C(C(C)(C)COP(=O)(O)OP(=O)(O)OCC1C(C(C(O1)N2C=NC3=C(N=CN=C32)N)O)OP(=O)(O)O)O
tetradecaprenyl diphosphate	CC(=CCCC(=CCCC(=CCCC(=CCCC(=CCCC(=CCCC(=CCCC(=CCCC(=CCCC(=CCCC(=CCCC(=CCCC(=CCCC(=CCOP(=O)(O)OP(=O)(O)O)C)C)C)C)C)C)C)C)C)C)C)C)C)C
tetrahydropteroyltri-L-glutamic acid	C1C(NC2=C(N1)N=C(NC2=O)N)CNC3=CC=C(C=C3)C(=O)NC(CCC(=O)NC(CCC(=O)NC(CCC(=O)O)C(=O)O)C(=O)O)C(=O)O
tetrathionate	[O-]S(=O)(=O)SSS(=O)(=O)[O-]
thiamine	CC1=C(SC=[N+]1CC2=CN=C(N=C2N)C)CCO
thiamine(1+) triphosphate(4-)	CC1=C(SC=[N+]1CC2=CN=C(N=C2N)C)CCOP(=O)([O-])OP(=O)([O-])OP(=O)([O-])[O-]
thiocyanate	C(#N)[S-]
thiosulfate	
thymidine	CC1=CN(C(=O)NC1=O)C2CC(C(O2)CO)O
thymidine 3'-monophosphate	CC1=CN(C(=O)NC1=O)C2CC(C(O2)CO)OP(=O)(O)O
thymidine 5'-monophosphate	CC1=CN(C(=O)NC1=O)C2CC(C(O2)COP(=O)(O)O)O
trans-2,cis-5-dodecadienoyl-CoA	
trans-2,cis-5-tetradecadienoyl-CoA	
trans-2,cis-7-hexadecadienoyl-CoA	
trans-2,cis-7-tetradecadienoyl-CoA	
trans-2,cis-9-hexadecadienoyl-CoA	
trans-2,cis-9-octadecadienoyl-CoA	
trans-2,trans-4-dodecadienoyl-CoA	
trans-2,trans-4-tetradecadienoyl-CoA	
trans-3,cis-5-dodecadienoyl-CoA	
trans-3,cis-5-tetradecadienoyl-CoA	
trans-3-Chloroacrylic acid	C(=CCl)C(=O)O
trans-3-Chloroallyl aldehyde	C(=CCl)C=O
trans-4-hydroxy-L-proline	C1C(CNC1C(=O)O)O
trans-aconitate	C(C(=CC(=O)O)C(=O)O)C(=O)O
trans-but-2-enoyl-ACP	
trans-dec-2-enoyl-CoA	CCCCCCCC=CC(=O)SCCNC(=O)CCNC(=O)C(C(C)(C)COP(=O)(O)OP(=O)(O)OCC1C(C(C(O1)N2C=NC3=C(N=CN=C32)N)O)OP(=O)(O)O)O
trans-docos-2-enoyl-CoA	CCCCCCCCCCCCCCCCCCCC=CC(=O)SCCNC(=O)CCNC(=O)C(C(C)(C)COP(=O)([O-])OP(=O)([O-])OCC1C(C(C(O1)N2C=NC3=C(N=CN=C32)N)O)OP(=O)([O-])[O-])O
trans-dodec-2-enoyl-CoA	CCCCCCCCCC=CC(=O)SCCNC(=O)CCNC(=O)C(C(C)(C)COP(=O)(O)OP(=O)(O)OCC1C(C(C(O1)N2C=NC3=C(N=CN=C32)N)O)OP(=O)(O)O)O
trans-dodec-3-enoyl-CoA	
trans-hex-2-enoyl-ACP	
trans-hex-2-enoyl-CoA	CCCC=CC(=O)SCCNC(=O)CCNC(=O)C(C(C)(C)COP(=O)(O)OP(=O)(O)OCC1C(C(C(O1)N2C=NC3=C(N=CN=C32)N)O)OP(=O)(O)O)O
trans-hexacos-2-enoyl-CoA	CCCCCCCCCCCCCCCCCCCCCCCC=CC(=O)SCCNC(=O)CCNC(=O)C(C(C)(C)COP(=O)(O)OP(=O)(O)OCC1C(C(C(O1)N2C=NC3=C(N=CN=C32)N)O)OP(=O)(O)O)O
trans-hexadec-2-enoyl-CoA	CCCCCCCCCCCCCC=CC(=O)SCCNC(=O)CCNC(=O)C(C(C)(C)COP(=O)(O)OP(=O)(O)OCC1C(C(C(O1)N2C=NC3=C(N=CN=C32)N)O)OP(=O)(O)O)O
trans-icos-2-enoyl-CoA	
trans-oct-2-enoyl-ACP	
trans-oct-2-enoyl-CoA	CCCCCC=CC(=O)SCCNC(=O)CCNC(=O)C(C(C)(C)COP(=O)(O)OP(=O)(O)OCC1C(C(C(O1)N2C=NC3=C(N=CN=C32)N)O)OP(=O)(O)O)O
trans-octadec-2-enoyl-CoA	CCCCCCCCCCCCCCCC=CC(=O)SCCNC(=O)CCNC(=O)C(C(C)(C)COP(=O)(O)OP(=O)(O)OCC1C(C(C(O1)N2C=NC3=C(N=CN=C32)N)O)OP(=O)(O)O)O
trans-tetracos-2-enoyl-CoA	
trans-tetradec-2-enoyl-CoA	CCCCCCCCCCCC=CC(=O)SCCNC(=O)CCNC(=O)C(C(C)(C)COP(=O)(O)OP(=O)(O)OCC1C(C(C(O1)N2C=NC3=C(N=CN=C32)N)O)OP(=O)(O)O)O
trans-tetradec-3-enoyl-CoA	
trehalose	C(C1C(C(C(C(O1)OC2C(C(C(C(O2)CO)O)O)O)O)O)O)O
tridecaprenyl diphosphate	CC(=CCCC(=CCCC(=CCCC(=CCCC(=CCCC(=CCCC(=CCCC(=CCCC(=CCCC(=CCCC(=CCCC(=CCCC(=CCOP(=O)(O)OP(=O)(O)O)C)C)C)C)C)C)C)C)C)C)C)C)C
triglyceride (1-16:0, 2-16:1, 3-16:0)	
triglyceride (1-16:0, 2-16:1, 3-16:1)	
triglyceride (1-16:0, 2-16:1, 3-18:0)	
triglyceride (1-16:0, 2-16:1, 3-18:1)	
triglyceride (1-16:0, 2-18:1, 3-16:0)	
triglyceride (1-16:0, 2-18:1, 3-16:1)	
triglyceride (1-16:0, 2-18:1, 3-18:0)	
triglyceride (1-16:0, 2-18:1, 3-18:1)	
triglyceride (1-16:1, 2-16:1, 3-16:0)	
triglyceride (1-16:1, 2-16:1, 3-16:1)	
triglyceride (1-16:1, 2-16:1, 3-18:0)	
triglyceride (1-16:1, 2-16:1, 3-18:1)	
triglyceride (1-16:1, 2-18:1, 3-16:0)	
triglyceride (1-16:1, 2-18:1, 3-16:1)	
triglyceride (1-16:1, 2-18:1, 3-18:0)	
triglyceride (1-16:1, 2-18:1, 3-18:1)	
triglyceride (1-18:0, 2-16:1, 3-16:0)	
triglyceride (1-18:0, 2-16:1, 3-16:1)	
triglyceride (1-18:0, 2-16:1, 3-18:0)	
triglyceride (1-18:0, 2-16:1, 3-18:1)	
triglyceride (1-18:0, 2-18:1, 3-16:0)	
triglyceride (1-18:0, 2-18:1, 3-16:1)	
triglyceride (1-18:0, 2-18:1, 3-18:0)	
triglyceride (1-18:0, 2-18:1, 3-18:1)	
triglyceride (1-18:1, 2-16:1, 3-16:0)	
triglyceride (1-18:1, 2-16:1, 3-16:1)	
triglyceride (1-18:1, 2-16:1, 3-18:0)	
triglyceride (1-18:1, 2-16:1, 3-18:1)	
triglyceride (1-18:1, 2-18:1, 3-16:0)	
triglyceride (1-18:1, 2-18:1, 3-16:1)	
triglyceride (1-18:1, 2-18:1, 3-18:0)	
triglyceride (1-18:1, 2-18:1, 3-18:1)	
triglyceride backbone	
trimethylenediamine	C(CN)CN
triphosphate	OP(=O)(O)OP(=O)(O)OP(=O)(O)O
trithionate	[O-]S(=O)(=O)SS(=O)(=O)[O-]
tryptophol	C1=CC=C2C(=C1)C(=CN2)CCO
turanose	C(C1C(C(C(C(O1)OC(C(C(CO)O)O)C(=O)CO)O)O)O)O
tyrosol	C1=CC(=CC=C1CCO)O
tyrosyl acetate	
ubiquinol-6	CC1=C(C(=C(C(=C1O)OC)OC)O)CC=C(C)CCC=C(C)CCC=C(C)CCC=C(C)CCC=C(C)CCC=C(C)C
ubiquinone-6	CC1=C(C(=O)C(=C(C1=O)OC)OC)CC=C(C)CCC=C(C)CCC=C(C)CCC=C(C)CCC=C(C)CCC=C(C)C
undecaprenyl diphosphate	CC(=CCCC(=CCCC(=CCCC(=CCCC(=CCCC(=CCCC(=CCCC(=CCCC(=CCCC(=CCCC(=CCOP(=O)(O)OP(=O)(O)O)C)C)C)C)C)C)C)C)C)C)C
uracil	C1=CNC(=O)NC1=O
urea	C(=O)(N)N
urea-1-carboxylic acid	C(=O)(N)NC(=O)O
ureidoglycolic acid	C(C(=O)O)(NC(=O)N)O
uridine	C1=CN(C(=O)NC1=O)C2C(C(C(O2)CO)O)O
uridine 2'-phosphate	C1=CN(C(=O)NC1=O)C2C(C(C(O2)CO)O)OP(=O)(O)O
uroporphyrinogen III	C1C2=C(C(=C(N2)CC3=C(C(=C(N3)CC4=C(C(=C(N4)CC5=C(C(=C1N5)CCC(=O)O)CC(=O)O)CC(=O)O)CCC(=O)O)CC(=O)O)CCC(=O)O)CC(=O)O)CCC(=O)O
xanthosine	C1=NC2=C(N1C3C(C(C(O3)CO)O)O)NC(=O)NC2=O
xanthosine-5-phosphate	C1=NC2=C(N1C3C(C(C(O3)COP(=O)(O)O)O)O)NC(=O)NC2=O
xylitol	C(C(C(C(CO)O)O)O)O
zymosterol	CC(CCC=C(C)C)C1CCC2C1(CCC3=C2CCC4C3(CCC(C4)O)C)C
zymosterol intermediate 1a	CC(CCC=C(C)C)C1CCC2C1(CCC3=C2CCC4C3(CCC(C4CO)O)C)C
zymosterol intermediate 1b	CC(CCC=C(C)C)C1CCC2C1(CCC3=C2CCC4C3(CCC(C4C=O)O)C)C
zymosterol intermediate 1c	CC(CCC=C(C)C)C1CCC2C1(CCC3=C2CCC4C3(CCC(C4C(=O)C)O)C)C
zymosterol intermediate 2	CC(CCC=C(C)C)C1CCC2C1(CCC3=C2CCC4C3(CCC(=O)C4)C)C
zymosteryl oleate	CCCCCCCCC=CCCCCCCCC(=O)OC1CCC2(C(C1)CCC3=C2CCC4(C3CCC4C(C)CCC=C(C)C)C)C
zymosteryl palmitoleate	CCCCCCC=CCCCCCCCC(=O)OC1CCC2(C(C1)CCC3=C2CCC4(C3CCC4C(C)CCC=C(C)C)C)C
